plot,location,trt,var,Nfert,year,depth,om,no3,nh4,toc,density,sand,silt,clay
1109,Was,16,switch,0,2012,A,5.8,8.5,9.1,2.98,1.09,17.4,31.3,51.3
1109,Was,16,switch,0,2012,B,2.7,4.41,4.1,1.41,1.09,17.5,28.8,53.8
1109,Was,16,switch,0,2012,C,1.4,5.52,4.4,0.88,1.07,18.7,30.0,51.3
1111,Was,6,corn,0,2012,A,5.5,8.07,7.8,2.71,1.09,18.9,28.7,52.4
1111,Was,6,corn,0,2012,B,2.8,5.96,4.7,1.33,1.09,22.5,27.5,50.0
1111,Was,6,corn,0,2012,C,1.3,5.61,4.4,1.28,1.12,25.0,30.0,45.0
1125,Was,21,TLI,0,2012,A,5.7,5.13,6.8,2.78,1.08,17.5,30.0,52.5
1125,Was,21,TLI,0,2012,B,2.8,3.54,3.3,1.26,1.12,18.7,28.8,52.5
1125,Was,21,TLI,0,2012,C,1.4,3.62,3.8,0.96,1.09,23.7,27.5,48.8
1210,Was,16,switch,0,2012,A,5.6,7.73,7.9,2.98,1.09,17.4,31.3,51.3
1210,Was,16,switch,0,2012,B,2.8,5.24,6.6,1.37,1.08,15.0,30.0,55.0
1210,Was,16,switch,0,2012,C,1.3,4.29,4.3,0.72,1.09,23.7,31.3,45.0
1217,Was,21,TLI,0,2012,A,5.9,4.79,7.7,3.06,1.09,20.0,28.8,51.3
1217,Was,21,TLI,0,2012,B,2.4,5.36,3.3,1.28,1.05,17.4,32.5,50.1
1217,Was,21,TLI,0,2012,C,1.7,3.21,4.7,0.63,1.12,24.9,27.5,47.5
1219,Was,6,corn,0,2012,A,5.5,7.28,8.9,2.8,1.11,19.9,28.8,51.3
1219,Was,6,corn,0,2012,B,3,3.48,4.3,1.22,1.1,21.2,30.0,48.8
1219,Was,6,corn,0,2012,C,1.2,2.75,2.8,0.53,1.12,18.7,32.5,48.8
1309,Was,16,switch,0,2012,A,6.1,4.5,7.7,2.93,1.12,17.4,31.3,51.3
1309,Was,16,switch,0,2012,B,2.9,2.58,2.6,1.33,1.06,12.4,33.8,53.8
1309,Was,16,switch,0,2012,C,1.5,2.8,4.9,0.73,1.06,12.5,37.5,50.0
1313,Was,21,TLI,0,2012,A,5.9,4.86,8.2,3.03,1.09,17.6,31.2,51.2
1313,Was,21,TLI,0,2012,B,3.3,3.53,5.3,1.55,1.1,14.9,31.3,53.8
1313,Was,21,TLI,0,2012,C,1.6,4.56,4.3,1.06,1.11,18.8,31.2,50.0
1320,Was,6,corn,0,2012,A,4.9,5.76,8.1,2.33,1.1,22.4,27.5,50.1
1320,Was,6,corn,0,2012,B,2.2,2.91,4.9,0.84,1.08,23.9,27.5,48.7
1320,Was,6,corn,0,2012,C,1.2,4.49,4.8,0.99,1.09,26.2,27.5,46.3
1416,Was,21,TLI,0,2012,A,6.1,6.75,8.4,3.19,1.07,17.6,32.5,50.0
1416,Was,21,TLI,0,2012,B,2.7,3.09,3.6,1.05,1.07,18.7,30.0,51.3
1416,Was,21,TLI,0,2012,C,1.1,2.1,4,0.36,1.08,23.7,30.0,46.3
1418,Was,6,corn,0,2012,A,5.8,6.29,7,2.94,1.11,16.4,33.7,49.9
1418,Was,6,corn,0,2012,B,2.7,4.16,4.1,1.2,1.07,26.2,27.5,46.3
1418,Was,6,corn,0,2012,C,1.3,3.51,4.1,0.55,1.09,20.1,32.5,47.5
1419,Was,16,switch,0,2012,A,5.8,4.56,7.3,2.91,1.09,17.4,32.5,50.0
1419,Was,16,switch,0,2012,B,2.7,4.35,4.4,1.27,1.1,17.5,27.5,55.0
1419,Was,16,switch,0,2012,C,1.7,6.72,4.6,0.72,1.08,20.1,32.5,47.5
2102,Lam,6,corn,0,2012,A,3,9.57,7.3,1.38,1.16,32.5,22.5,45.0
2102,Lam,6,corn,0,2012,B,2.1,5.55,4.9,0.96,1.15,37.5,20.0,42.5
2102,Lam,6,corn,0,2012,C,3.1,7.19,4.6,0.55,1.17,37.4,22.5,40.0
2118,Lam,16,switch,0,2012,A,3.6,3.45,6.7,1.71,1.15,32.5,23.8,43.8
2118,Lam,16,switch,0,2012,B,2.9,6.6,5.5,1.07,1.14,32.6,21.2,46.2
2118,Lam,16,switch,0,2012,C,1.8,5.34,4.4,0.64,1.13,30.0,25.0,45.0
2121,Lam,21,TLI,0,2012,A,3.8,1.98,6.3,2.02,1.1,31.3,23.8,45.0
2121,Lam,21,TLI,0,2012,B,2.8,5.27,4.3,1.11,1.17,31.2,22.5,46.3
2121,Lam,21,TLI,0,2012,C,1.7,3.74,4.5,0.61,1.19,35.0,22.5,42.5
2206,Lam,16,switch,0,2012,A,3.9,19.95,8.6,1.69,1.13,31.2,23.8,45.0
2206,Lam,16,switch,0,2012,B,1.5,9.06,5.4,1.1,1.14,26.3,26.2,47.5
2206,Lam,16,switch,0,2012,C,3.3,8.75,4.9,1,1.14,27.6,26.2,46.2
2219,Lam,6,corn,0,2012,A,4.1,5.21,7.3,1.93,1.13,28.8,26.2,45.0
2219,Lam,6,corn,0,2012,B,3.3,3.59,5.1,1.41,1.14,27.6,23.7,48.7
2219,Lam,6,corn,0,2012,C,1.9,2.76,5.4,0.59,1.15,26.2,27.5,46.3
2223,Lam,21,TLI,0,2012,A,4,0.96,7.6,1.87,1.13,32.4,23.8,43.8
2223,Lam,21,TLI,0,2012,B,3.2,2.75,5.5,1.24,1.15,28.9,25.0,46.2
2223,Lam,21,TLI,0,2012,C,1.8,2.42,4.6,0.57,1.17,26.3,27.5,46.2
2315,Lam,16,switch,0,2012,A,4.2,6.95,7.1,1.9,1.14,31.2,26.3,42.5
2315,Lam,16,switch,0,2012,B,3.5,14.49,6.8,1.5,1.16,28.7,25.0,46.3
2315,Lam,16,switch,0,2012,C,1.8,13.64,3.8,0.52,1.19,27.4,27.5,45.0
2323,Lam,6,corn,0,2012,A,4.1,11.13,7.3,2,1.14,28.8,26.2,44.9
2323,Lam,6,corn,0,2012,B,3.3,6.74,5.5,1.38,1.15,28.7,26.3,45.0
2323,Lam,6,corn,0,2012,C,1.8,3.57,4.1,0.73,1.12,28.8,26.2,45.0
2324,Lam,21,TLI,0,2012,A,4.1,10.2,8.6,1.9,1.16,31.2,25.0,43.8
2324,Lam,21,TLI,0,2012,B,3.7,19.68,8.7,1.71,1.12,28.8,27.5,43.7
2324,Lam,21,TLI,0,2012,C,1.9,1.73,4.4,0.59,1.16,29.9,27.5,42.6
2407,Lam,21,TLI,0,2012,A,4.2,2.1,6.3,2.01,1.12,28.7,27.5,43.8
2407,Lam,21,TLI,0,2012,B,3.4,3.77,6.4,1.41,1.15,27.4,26.3,46.3
2407,Lam,21,TLI,0,2012,C,1.5,2.54,4.7,0.45,1.16,28.8,28.7,42.5
2408,Lam,16,switch,0,2012,A,4,9.5,8.1,1.8,1.14,28.8,26.2,45.0
2408,Lam,16,switch,0,2012,B,3.1,10.22,5.5,1.25,1.12,26.3,27.5,46.2
2408,Lam,16,switch,0,2012,C,1.9,8.43,5.4,0.52,1.15,25.0,30.0,45.0
2424,Lam,6,corn,0,2012,A,5.1,9.87,9.6,2.56,1.11,25.0,27.5,47.5
2424,Lam,6,corn,0,2012,B,3.6,9.42,4.6,1.72,1.11,21.3,32.5,46.2
2424,Lam,6,corn,0,2012,C,2.5,6.27,5,0.9,1.25,28.8,27.5,43.7
3101,Cro,16,switch,0,2012,A,4.6,10.05,8.6,3.28,1.12,9.9,40.1,50.1
3101,Cro,16,switch,0,2012,B,1.7,16.17,7.2,2.56,1.14,4.9,43.8,51.3
3101,Cro,16,switch,0,2012,C,1.1,4.68,5.3,1.13,1.21,5.0,50.0,45.0
3105,Cro,6,corn,0,2012,A,4.6,7.62,7.7,2.91,1.12,6.3,43.7,50.0
3105,Cro,6,corn,0,2012,B,1.6,9.2,6.6,1.64,1.14,6.3,46.2,47.5
3105,Cro,6,corn,0,2012,C,1.1,3.18,5,1.59,1.14,0.0,46.3,53.7
3114,Cro,21,TLI,0,2012,A,4.8,9.63,6.7,2.8,1.11,6.3,43.7,50.0
3114,Cro,21,TLI,0,2012,B,2.2,11.45,4.2,1.31,1.13,10.0,43.8,46.3
3114,Cro,21,TLI,0,2012,C,1.3,9.3,4.6,0.92,1.2,2.5,46.2,51.2
3206,Cro,6,corn,0,2012,A,5.3,6.74,7.9,3.2,1.08,9.9,40.0,50.1
3206,Cro,6,corn,0,2012,B,3.7,12.33,4.6,1.98,1.15,11.2,40.0,48.8
3206,Cro,6,corn,0,2012,C,1.2,3.15,3.3,0.62,1.19,25.0,37.5,37.5
3209,Cro,21,TLI,0,2012,A,5.1,8.96,5.8,3.14,1.07,11.2,38.8,50.0
3209,Cro,21,TLI,0,2012,B,1.9,10.38,4.9,0.98,1.16,9.9,41.3,48.8
3209,Cro,21,TLI,0,2012,C,1.2,3.18,4.5,1.35,1.17,0.0,48.7,51.3
3225,Cro,16,switch,0,2012,A,4.9,9.63,7.2,3.01,1.12,8.7,42.5,48.8
3225,Cro,16,switch,0,2012,B,1.8,18,4.9,1.27,1.16,6.4,44.9,48.7
3225,Cro,16,switch,0,2012,C,1.1,10.74,4.2,1.15,1.22,8.7,48.8,42.5
3306,Cro,16,switch,0,2012,A,5,12.93,7.9,2.73,1.09,7.4,42.5,50.1
3306,Cro,16,switch,0,2012,B,1.8,16.85,5.2,1.4,1.19,10.0,42.5,47.5
3306,Cro,16,switch,0,2012,C,1.3,3.9,5,1.76,1.16,0.0,46.3,53.8
3307,Cro,6,corn,0,2012,A,4.9,6.11,7.7,2.68,1.1,11.3,43.7,45.0
3307,Cro,6,corn,0,2012,B,1.7,4.7,4.9,1.93,1.19,12.4,47.5,40.0
3307,Cro,6,corn,0,2012,C,1.4,2.6,5.9,1.86,1.12,0.0,52.5,47.5
3318,Cro,21,TLI,0,2012,A,4.8,8.3,7.9,2.75,1.07,14.9,40.0,45.0
3318,Cro,21,TLI,0,2012,B,2.7,16.92,5.6,1.5,1.19,19.9,37.5,42.5
3318,Cro,21,TLI,0,2012,C,1.3,4.4,5.3,2.02,1.14,0.0,53.7,46.3
3408,Cro,16,switch,0,2012,A,5,9.1,7.2,2.87,1.1,21.2,35.0,43.8
3408,Cro,16,switch,0,2012,B,2.1,12.5,4.6,1.35,1.14,18.7,37.5,43.8
3408,Cro,16,switch,0,2012,C,1.3,6.3,5.2,0.86,1.15,2.5,51.2,46.2
3410,Cro,6,corn,0,2012,A,4.8,9.5,8.2,2.56,1.12,16.2,38.8,45.0
3410,Cro,6,corn,0,2012,B,2,7.95,4.9,2.78,1.04,0.0,47.5,52.5
3410,Cro,6,corn,0,2012,C,1.4,3.6,5.5,1.49,1.1,0.0,50.0,50.0
3411,Cro,21,TLI,0,2012,A,5.2,9.26,7.2,2.98,1.03,19.9,37.5,42.5
3411,Cro,21,TLI,0,2012,B,2.3,16.4,5,1.41,1.13,14.9,41.3,43.8
3411,Cro,21,TLI,0,2012,C,1.2,4.1,4.6,1.57,1.17,5.0,52.5,42.5
1109,Was,16,switch,0,2012,A,5.8,7,7.3,NA,1.09,NA,NA,NA
1313,Was,21,TLI,0,2012,B,3.2,NA,NA,NA,1.1,NA,NA,NA
2121,Lam,21,TLI,0,2012,C,1.6,NA,NA,NA,1.19,NA,NA,NA
2408,Lam,16,switch,0,2012,A,4,NA,NA,NA,1.14,NA,NA,NA
3225,Cro,16,switch,0,2012,B,1.8,NA,NA,NA,1.16,NA,NA,NA
1309,Was,16,switch,0,2012,C,NA,2.9,4.6,,1.06,NA,NA,NA
2118,Lam,16,switch,0,2012,B,NA,7,6.9,1.21,1.14,NA,NA,NA
2324,Lam,21,TLI,0,2012,A,NA,11.1,8.8,NA,1.16,NA,NA,NA
3114,Cro,21,TLI,0,2012,C,NA,8.6,4.9,NA,1.2,NA,NA,NA
3408,Cro,16,switch,0,2012,B,NA,11.9,4.6,NA,1.14,NA,NA,NA
1109,Was,16,switch,0,2012,B,NA,NA,NA,1.38,1.09,NA,NA,NA
1111,Was,6,corn,0,2012,B,NA,NA,NA,1.22,1.09,NA,NA,NA
1416,Was,21,TLI,0,2012,C,NA,NA,NA,0.29,1.08,NA,NA,NA
2323,Lam,6,corn,0,2012,B,NA,NA,NA,1.35,1.15,NA,NA,NA
2424,Lam,6,corn,0,2012,B,NA,NA,NA,1.71,1.11,NA,NA,NA
1210,Was,16,switch,0,2012,A,NA,NA,NA,NA,1.09,17.7,29.9,52.4
1419,Was,16,switch,0,2012,C,NA,NA,NA,NA,1.08,22.4,30,47.5
2206,Lam,16,switch,0,2012,B,NA,NA,NA,NA,1.14,27.5,27.5,45
2324,Lam,21,TLI,0,2012,B,NA,NA,NA,NA,1.12,26.3,30,43.7
3114,Cro,21,TLI,0,2012,B,NA,NA,NA,NA,1.13,11.2,41.3,47.5
3411,Cro,21,TLI,0,2012,C,NA,NA,NA,NA,1.17,6.3,51.2,42.5
1101,Was,7,corn,80,2013,A,6.3,7.4,8.5,NA,NA,NA,NA,NA
1101,Was,7,corn,80,2013,B,3.9,2.8,3.7,NA,NA,NA,NA,NA
1101,Was,7,corn,80,2013,C,1.4,1.2,2.5,NA,NA,NA,NA,NA
1104,Was,18,switch,160,2013,A,5.4,5.7,7.8,NA,NA,NA,NA,NA
1104,Was,18,switch,160,2013,B,3.3,3.4,3.9,NA,NA,NA,NA,NA
1104,Was,18,switch,160,2013,C,1.4,2.8,5.1,NA,NA,NA,NA,NA
1105,Was,22,TLI,80,2013,A,5.0,4,6.8,NA,NA,NA,NA,NA
1105,Was,22,TLI,80,2013,B,3.5,2.5,4.8,NA,NA,NA,NA,NA
1105,Was,22,TLI,80,2013,C,1.8,1.6,3,NA,NA,NA,NA,NA
1109,Was,16,switch,0,2013,A,5.3,4.1,7.4,NA,NA,NA,NA,NA
1109,Was,16,switch,0,2013,B,3.0,2.6,4.2,NA,NA,NA,NA,NA
1109,Was,16,switch,0,2013,C,1.4,1.5,4.3,NA,NA,NA,NA,NA
1110,Was,25,TLI/leg,40,2013,A,5.1,2,6.5,NA,NA,NA,NA,NA
1110,Was,25,TLI/leg,40,2013,B,4.1,1.7,3.7,NA,NA,NA,NA,NA
1110,Was,25,TLI/leg,40,2013,C,2.4,1.5,4.1,NA,NA,NA,NA,NA
1111,Was,6,corn,0,2013,A,5.0,4.9,7.7,NA,NA,NA,NA,NA
1111,Was,6,corn,0,2013,B,3.0,2.7,4.6,NA,NA,NA,NA,NA
1111,Was,6,corn,0,2013,C,1.1,1.3,3.6,NA,NA,NA,NA,NA
1115,Was,23,TLI,160,2013,A,4.9,3.8,6.2,NA,NA,NA,NA,NA
1115,Was,23,TLI,160,2013,B,3.2,1.8,4.2,NA,NA,NA,NA,NA
1115,Was,23,TLI,160,2013,C,1.7,1.3,4.5,NA,NA,NA,NA,NA
1116,Was,9,corn,160,2013,A,5.5,6,9.4,NA,NA,NA,NA,NA
1116,Was,9,corn,160,2013,B,2.9,2.8,3.8,NA,NA,NA,NA,NA
1116,Was,9,corn,160,2013,C,1.5,1.6,3.6,NA,NA,NA,NA,NA
1119,Was,20,swit/leg,40,2013,A,5.0,2,7.8,NA,NA,NA,NA,NA
1119,Was,20,swit/leg,40,2013,B,2.6,1.7,3.8,NA,NA,NA,NA,NA
1119,Was,20,swit/leg,40,2013,C,1.4,1.3,3.7,NA,NA,NA,NA,NA
1125,Was,21,TLI,0,2013,A,4.9,2.4,6.5,NA,NA,NA,NA,NA
1125,Was,21,TLI,0,2013,B,2.8,2.1,5,NA,NA,NA,NA,NA
1125,Was,21,TLI,0,2013,C,1.8,1.4,4.6,NA,NA,NA,NA,NA
1202,Was,25,TLI/leg,40,2013,A,5.1,1.8,6.4,NA,NA,NA,NA,NA
1202,Was,25,TLI/leg,40,2013,B,3.3,1.6,4.3,NA,NA,NA,NA,NA
1202,Was,25,TLI/leg,40,2013,C,1.4,1.6,4.5,NA,NA,NA,NA,NA
1205,Was,18,switch,160,2013,A,5.5,8.5,6.7,NA,NA,NA,NA,NA
1205,Was,18,switch,160,2013,B,4.2,6.4,5.1,NA,NA,NA,NA,NA
1205,Was,18,switch,160,2013,C,1.9,2.8,3.8,NA,NA,NA,NA,NA
1207,Was,22,TLI,80,2013,A,5.6,2.5,6.6,NA,NA,NA,NA,NA
1207,Was,22,TLI,80,2013,B,4.0,6.3,8.6,NA,NA,NA,NA,NA
1207,Was,22,TLI,80,2013,C,1.7,2.2,3.9,NA,NA,NA,NA,NA
1209,Was,9,corn,160,2013,A,5.6,8.4,8,NA,NA,NA,NA,NA
1209,Was,9,corn,160,2013,B,3.9,5.6,5.3,NA,NA,NA,NA,NA
1209,Was,9,corn,160,2013,C,1.5,5.2,6.6,NA,NA,NA,NA,NA
1210,Was,16,switch,0,2013,A,5.5,4.8,8,NA,NA,NA,NA,NA
1210,Was,16,switch,0,2013,B,4.0,3.4,5.1,NA,NA,NA,NA,NA
1210,Was,16,switch,0,2013,C,1.6,4.4,6.1,NA,NA,NA,NA,NA
1214,Was,7,corn,80,2013,A,5.2,6.3,9.5,NA,NA,NA,NA,NA
1214,Was,7,corn,80,2013,B,3.3,3.6,4.6,NA,NA,NA,NA,NA
1214,Was,7,corn,80,2013,C,1.7,2.5,3.9,NA,NA,NA,NA,NA
1217,Was,21,TLI,0,2013,A,6.0,2.8,7.7,NA,NA,NA,NA,NA
1217,Was,21,TLI,0,2013,B,3.0,3.4,5,NA,NA,NA,NA,NA
1217,Was,21,TLI,0,2013,C,1.6,6.1,5.6,NA,NA,NA,NA,NA
1219,Was,6,corn,0,2013,A,5.8,6.1,8.6,NA,NA,NA,NA,NA
1219,Was,6,corn,0,2013,B,3.1,4.1,5.1,NA,NA,NA,NA,NA
1219,Was,6,corn,0,2013,C,1.5,2.6,4.1,NA,NA,NA,NA,NA
1222,Was,23,TLI,160,2013,A,5.1,4.3,8.5,NA,NA,NA,NA,NA
1222,Was,23,TLI,160,2013,B,2.5,2.2,5.2,NA,NA,NA,NA,NA
1222,Was,23,TLI,160,2013,C,1.3,2.1,4,NA,NA,NA,NA,NA
1225,Was,20,swit/leg,40,2013,A,5.7,4.1,7.4,NA,NA,NA,NA,NA
1225,Was,20,swit/leg,40,2013,B,3.1,7,7,NA,NA,NA,NA,NA
1225,Was,20,swit/leg,40,2013,C,1.4,3.1,4.2,NA,NA,NA,NA,NA
1303,Was,23,TLI,160,2013,A,5.8,6.6,10.7,NA,NA,NA,NA,NA
1303,Was,23,TLI,160,2013,B,3.1,3.1,4.5,NA,NA,NA,NA,NA
1303,Was,23,TLI,160,2013,C,1.3,3.1,4.5,NA,NA,NA,NA,NA
1304,Was,20,swit/leg,40,2013,A,5.9,5.2,9.7,NA,NA,NA,NA,NA
1304,Was,20,swit/leg,40,2013,B,3.1,2.9,5.1,NA,NA,NA,NA,NA
1304,Was,20,swit/leg,40,2013,C,1.4,2.2,3.9,NA,NA,NA,NA,NA
1308,Was,22,TLI,80,2013,A,5.8,3.8,7.4,NA,NA,NA,NA,NA
1308,Was,22,TLI,80,2013,B,3.7,4.2,6.9,NA,NA,NA,NA,NA
1308,Was,22,TLI,80,2013,C,1.7,4.1,7.5,NA,NA,NA,NA,NA
1309,Was,16,switch,0,2013,A,5.7,4.3,6.7,NA,NA,NA,NA,NA
1309,Was,16,switch,0,2013,B,3.6,4.1,5,NA,NA,NA,NA,NA
1309,Was,16,switch,0,2013,C,1.6,3.7,5.1,NA,NA,NA,NA,NA
1310,Was,9,corn,160,2013,A,5.6,7.9,9.7,NA,NA,NA,NA,NA
1310,Was,9,corn,160,2013,B,3.3,4.8,4.8,NA,NA,NA,NA,NA
1310,Was,9,corn,160,2013,C,1.4,3.5,4.5,NA,NA,NA,NA,NA
1313,Was,21,TLI,0,2013,A,5.6,4.3,9,NA,NA,NA,NA,NA
1313,Was,21,TLI,0,2013,B,3.3,3.3,5.1,NA,NA,NA,NA,NA
1313,Was,21,TLI,0,2013,C,1.5,2.1,3.6,NA,NA,NA,NA,NA
1314,Was,18,switch,160,2013,A,5.5,11.2,12.7,NA,NA,NA,NA,NA
1314,Was,18,switch,160,2013,B,3.0,7.5,6.3,NA,NA,NA,NA,NA
1314,Was,18,switch,160,2013,C,1.4,9,8.2,NA,NA,NA,NA,NA
1315,Was,7,corn,80,2013,A,5.3,7.2,10.2,NA,NA,NA,NA,NA
1315,Was,7,corn,80,2013,B,3.3,4.4,5.6,NA,NA,NA,NA,NA
1315,Was,7,corn,80,2013,C,1.3,3,4.1,NA,NA,NA,NA,NA
1320,Was,6,corn,0,2013,A,4.9,4,8.5,NA,NA,NA,NA,NA
1320,Was,6,corn,0,2013,B,2.8,3.6,5.2,NA,NA,NA,NA,NA
1320,Was,6,corn,0,2013,C,1.2,4,6.2,NA,NA,NA,NA,NA
1323,Was,25,TLI/leg,40,2013,A,5.2,3.2,7.5,NA,NA,NA,NA,NA
1323,Was,25,TLI/leg,40,2013,B,2.9,2.5,4.2,NA,NA,NA,NA,NA
1323,Was,25,TLI/leg,40,2013,C,1.2,5.3,7,NA,NA,NA,NA,NA
1401,Was,25,TLI/leg,40,2013,A,6.3,4,6.9,NA,NA,NA,NA,NA
1401,Was,25,TLI/leg,40,2013,B,3.1,3.6,4.9,NA,NA,NA,NA,NA
1401,Was,25,TLI/leg,40,2013,C,1.3,2.7,4.3,NA,NA,NA,NA,NA
1404,Was,20,swit/leg,40,2013,A,6.5,6.7,8.1,NA,NA,NA,NA,NA
1404,Was,20,swit/leg,40,2013,B,3.8,7.3,7.8,NA,NA,NA,NA,NA
1404,Was,20,swit/leg,40,2013,C,1.4,2,3.6,NA,NA,NA,NA,NA
1411,Was,22,TLI,80,2013,A,6.3,6.8,9.8,NA,NA,NA,NA,NA
1411,Was,22,TLI,80,2013,B,2.8,4.5,5.1,NA,NA,NA,NA,NA
1411,Was,22,TLI,80,2013,C,1.2,2.2,4,NA,NA,NA,NA,NA
1413,Was,9,corn,160,2013,A,5.7,9.8,9.3,NA,NA,NA,NA,NA
1413,Was,9,corn,160,2013,B,2.8,5.6,6.2,NA,NA,NA,NA,NA
1413,Was,9,corn,160,2013,C,1.4,3.8,5.3,NA,NA,NA,NA,NA
1414,Was,18,switch,160,2013,A,6.2,4.1,7.5,NA,NA,NA,NA,NA
1414,Was,18,switch,160,2013,B,3.9,4.2,4.8,NA,NA,NA,NA,NA
1414,Was,18,switch,160,2013,C,1.5,2,3.8,NA,NA,NA,NA,NA
1416,Was,21,TLI,0,2013,A,5.2,2.3,7,NA,NA,NA,NA,NA
1416,Was,21,TLI,0,2013,B,2.6,3,5,NA,NA,NA,NA,NA
1416,Was,21,TLI,0,2013,C,1.1,4.5,7.1,NA,NA,NA,NA,NA
1418,Was,6,corn,0,2013,A,5.2,7.6,11.2,NA,NA,NA,NA,NA
1418,Was,6,corn,0,2013,B,2.7,3.9,5.4,NA,NA,NA,NA,NA
1418,Was,6,corn,0,2013,C,1.4,4.3,5.3,NA,NA,NA,NA,NA
1419,Was,16,switch,0,2013,A,6.3,4.5,7.3,NA,NA,NA,NA,NA
1419,Was,16,switch,0,2013,B,3.6,4.1,4.1,NA,NA,NA,NA,NA
1419,Was,16,switch,0,2013,C,1.2,2.5,4,NA,NA,NA,NA,NA
1421,Was,23,TLI,160,2013,A,5.1,6.7,8.7,NA,NA,NA,NA,NA
1421,Was,23,TLI,160,2013,B,3.0,2.8,3.9,NA,NA,NA,NA,NA
1421,Was,23,TLI,160,2013,C,1.3,5.5,6.4,NA,NA,NA,NA,NA
1423,Was,7,corn,80,2013,A,5.2,4.5,5.8,NA,NA,NA,NA,NA
1423,Was,7,corn,80,2013,B,2.7,3.2,3.6,NA,NA,NA,NA,NA
1423,Was,7,corn,80,2013,C,1.2,3.7,4.1,NA,NA,NA,NA,NA
2102,Lam,6,corn,0,2013,A,3.3,8.3,6.2,NA,NA,NA,NA,NA
2102,Lam,6,corn,0,2013,B,2.1,2.3,2.6,NA,NA,NA,NA,NA
2102,Lam,6,corn,0,2013,C,1.2,3.9,4.4,NA,NA,NA,NA,NA
2106,Lam,25,TLI/leg,40,2013,A,3.5,1.6,4,NA,NA,NA,NA,NA
2106,Lam,25,TLI/leg,40,2013,B,2.1,2.1,3.8,NA,NA,NA,NA,NA
2106,Lam,25,TLI/leg,40,2013,C,1.1,1,2.6,NA,NA,NA,NA,NA
2108,Lam,18,switch,160,2013,A,3.4,5.7,5.5,NA,NA,NA,NA,NA
2108,Lam,18,switch,160,2013,B,2.4,7.3,4.5,NA,NA,NA,NA,NA
2108,Lam,18,switch,160,2013,C,1.4,8.8,5.2,NA,NA,NA,NA,NA
2111,Lam,23,TLI,160,2013,A,3.3,1,4.2,NA,NA,NA,NA,NA
2111,Lam,23,TLI,160,2013,B,2.1,2.3,3.3,NA,NA,NA,NA,NA
2111,Lam,23,TLI,160,2013,C,1.3,1.4,4,NA,NA,NA,NA,NA
2112,Lam,9,corn,160,2013,A,3.3,25.4,4.6,NA,NA,NA,NA,NA
2112,Lam,9,corn,160,2013,B,2.2,9.3,4.9,NA,NA,NA,NA,NA
2112,Lam,9,corn,160,2013,C,1.4,3.8,4,NA,NA,NA,NA,NA
2116,Lam,22,TLI,80,2013,A,4.1,1.8,4.2,NA,NA,NA,NA,NA
2116,Lam,22,TLI,80,2013,B,2.4,3.3,7.2,NA,NA,NA,NA,NA
2116,Lam,22,TLI,80,2013,C,1.4,1.6,3.9,NA,NA,NA,NA,NA
2118,Lam,16,switch,0,2013,A,3.1,3,4.2,NA,NA,NA,NA,NA
2118,Lam,16,switch,0,2013,B,2.6,1.9,3.8,NA,NA,NA,NA,NA
2118,Lam,16,switch,0,2013,C,1.5,1.7,3.8,NA,NA,NA,NA,NA
2121,Lam,21,TLI,0,2013,A,3.7,1.5,4.5,NA,NA,NA,NA,NA
2121,Lam,21,TLI,0,2013,B,2.3,1.1,3.7,NA,NA,NA,NA,NA
2121,Lam,21,TLI,0,2013,C,1.7,2.7,4.6,NA,NA,NA,NA,NA
2122,Lam,7,corn,80,2013,A,3.4,10.6,7.4,NA,NA,NA,NA,NA
2122,Lam,7,corn,80,2013,B,2.5,2.9,3.4,NA,NA,NA,NA,NA
2122,Lam,7,corn,80,2013,C,1.6,4.9,4.4,NA,NA,NA,NA,NA
2123,Lam,20,swit/leg,40,2013,A,3.5,5.7,4.9,NA,NA,NA,NA,NA
2123,Lam,20,swit/leg,40,2013,B,2.1,2.8,2.7,NA,NA,NA,NA,NA
2123,Lam,20,swit/leg,40,2013,C,1.4,2.9,3.6,NA,NA,NA,NA,NA
2201,Lam,18,switch,160,2013,A,3.5,6.1,5.8,NA,NA,NA,NA,NA
2201,Lam,18,switch,160,2013,B,2.9,5.2,3.7,NA,NA,NA,NA,NA
2201,Lam,18,switch,160,2013,C,1.6,3.4,4,NA,NA,NA,NA,NA
2203,Lam,22,TLI,80,2013,A,3.5,0.3,4.4,NA,NA,NA,NA,NA
2203,Lam,22,TLI,80,2013,B,2.9,1.5,3.3,NA,NA,NA,NA,NA
2203,Lam,22,TLI,80,2013,C,1.6,2.3,3.6,NA,NA,NA,NA,NA
2204,Lam,7,corn,80,2013,A,3.6,10.7,4.7,NA,NA,NA,NA,NA
2204,Lam,7,corn,80,2013,B,2.8,6.4,5.1,NA,NA,NA,NA,NA
2204,Lam,7,corn,80,2013,C,1.6,2.6,2.7,NA,NA,NA,NA,NA
2206,Lam,16,switch,0,2013,A,3.8,6,7.1,NA,NA,NA,NA,NA
2206,Lam,16,switch,0,2013,B,2.9,4.6,5.4,NA,NA,NA,NA,NA
2206,Lam,16,switch,0,2013,C,1.7,3.2,3.4,NA,NA,NA,NA,NA
2213,Lam,23,TLI,160,2013,A,4.4,4.6,6.3,NA,NA,NA,NA,NA
2213,Lam,23,TLI,160,2013,B,3.1,2.8,4.7,NA,NA,NA,NA,NA
2213,Lam,23,TLI,160,2013,C,2.0,2,3.3,NA,NA,NA,NA,NA
2214,Lam,9,corn,160,2013,A,4.2,12.1,9.8,NA,NA,NA,NA,NA
2214,Lam,9,corn,160,2013,B,3.2,6.6,5.4,NA,NA,NA,NA,NA
2214,Lam,9,corn,160,2013,C,2.0,5.6,4.9,NA,NA,NA,NA,NA
2218,Lam,25,TLI/leg,40,2013,A,4.2,1.9,4.5,NA,NA,NA,NA,NA
2218,Lam,25,TLI/leg,40,2013,B,3.3,4.6,5.7,NA,NA,NA,NA,NA
2218,Lam,25,TLI/leg,40,2013,C,1.9,2.8,3.3,NA,NA,NA,NA,NA
2219,Lam,6,corn,0,2013,A,3.7,8.5,4.6,NA,NA,NA,NA,NA
2219,Lam,6,corn,0,2013,B,2.5,5.5,3.9,NA,NA,NA,NA,NA
2219,Lam,6,corn,0,2013,C,1.5,4.7,4.7,NA,NA,NA,NA,NA
2221,Lam,20,swit/leg,40,2013,A,4.1,3.4,6.6,NA,NA,NA,NA,NA
2221,Lam,20,swit/leg,40,2013,B,3.5,3.3,6.8,NA,NA,NA,NA,NA
2221,Lam,20,swit/leg,40,2013,C,2.3,1.9,3.1,NA,NA,NA,NA,NA
2223,Lam,21,TLI,0,2013,A,4.5,2,4.2,NA,NA,NA,NA,NA
2223,Lam,21,TLI,0,2013,B,4.0,3.3,5.2,NA,NA,NA,NA,NA
2223,Lam,21,TLI,0,2013,C,2.2,2.9,3.2,NA,NA,NA,NA,NA
2303,Lam,7,corn,80,2013,A,4.7,11.7,6.1,NA,NA,NA,NA,NA
2303,Lam,7,corn,80,2013,B,3.9,10.3,4.7,NA,NA,NA,NA,NA
2303,Lam,7,corn,80,2013,C,2.2,3,2.4,NA,NA,NA,NA,NA
2304,Lam,23,TLI,160,2013,A,4.5,3.4,4.8,NA,NA,NA,NA,NA
2304,Lam,23,TLI,160,2013,B,3.9,3,4.8,NA,NA,NA,NA,NA
2304,Lam,23,TLI,160,2013,C,2.4,2,3.8,NA,NA,NA,NA,NA
2305,Lam,18,switch,160,2013,A,4.3,4.5,5.9,NA,NA,NA,NA,NA
2305,Lam,18,switch,160,2013,B,3.5,4.1,4.4,NA,NA,NA,NA,NA
2305,Lam,18,switch,160,2013,C,2.0,3.2,4.1,NA,NA,NA,NA,NA
2309,Lam,25,TLI/leg,40,2013,A,4.5,1.6,4.2,NA,NA,NA,NA,NA
2309,Lam,25,TLI/leg,40,2013,B,3.6,2,4.3,NA,NA,NA,NA,NA
2309,Lam,25,TLI/leg,40,2013,C,2.2,2.3,2.9,NA,NA,NA,NA,NA
2310,Lam,20,swit/leg,40,2013,A,4.6,4.4,5.7,NA,NA,NA,NA,NA
2310,Lam,20,swit/leg,40,2013,B,3.5,4,5.1,NA,NA,NA,NA,NA
2310,Lam,20,swit/leg,40,2013,C,2.0,1.8,2.3,NA,NA,NA,NA,NA
2315,Lam,16,switch,0,2013,A,4.8,4.2,4.9,NA,NA,NA,NA,NA
2315,Lam,16,switch,0,2013,B,4.0,2.6,3.1,NA,NA,NA,NA,NA
2315,Lam,16,switch,0,2013,C,2.2,2.9,2.5,NA,NA,NA,NA,NA
2318,Lam,9,corn,160,2013,A,4.6,14.9,5.4,NA,NA,NA,NA,NA
2318,Lam,9,corn,160,2013,B,3.3,9.8,3.3,NA,NA,NA,NA,NA
2318,Lam,9,corn,160,2013,C,1.8,3.2,4.5,NA,NA,NA,NA,NA
2319,Lam,22,TLI,80,2013,A,4.8,5,8.8,NA,NA,NA,NA,NA
2319,Lam,22,TLI,80,2013,B,3.7,2,5,NA,NA,NA,NA,NA
2319,Lam,22,TLI,80,2013,C,2.0,4.1,5,NA,NA,NA,NA,NA
2323,Lam,6,corn,0,2013,A,4.5,7.7,5.1,NA,NA,NA,NA,NA
2323,Lam,6,corn,0,2013,B,3.9,4.8,3.9,NA,NA,NA,NA,NA
2323,Lam,6,corn,0,2013,C,2.2,2.5,4.2,NA,NA,NA,NA,NA
2324,Lam,21,TLI,0,2013,A,4.8,2.4,3.6,NA,NA,NA,NA,NA
2324,Lam,21,TLI,0,2013,B,3.8,1.5,2.8,NA,NA,NA,NA,NA
2324,Lam,21,TLI,0,2013,C,3.6,2.6,3.2,NA,NA,NA,NA,NA
2403,Lam,18,switch,160,2013,A,5.0,6.3,6.2,NA,NA,NA,NA,NA
2403,Lam,18,switch,160,2013,B,4.1,4.1,4.1,NA,NA,NA,NA,NA
2403,Lam,18,switch,160,2013,C,1.6,3.8,2.5,NA,NA,NA,NA,NA
2404,Lam,9,corn,160,2013,A,4.8,13.4,5.7,NA,NA,NA,NA,NA
2404,Lam,9,corn,160,2013,B,4.1,12.1,4.4,NA,NA,NA,NA,NA
2404,Lam,9,corn,160,2013,C,2.1,3.9,2.9,NA,NA,NA,NA,NA
2407,Lam,21,TLI,0,2013,A,5.3,3.4,5.4,NA,NA,NA,NA,NA
2407,Lam,21,TLI,0,2013,B,3.5,5.8,6.2,NA,NA,NA,NA,NA
2407,Lam,21,TLI,0,2013,C,2.1,1.9,3.4,NA,NA,NA,NA,NA
2408,Lam,16,switch,0,2013,A,4.8,3.4,5,NA,NA,NA,NA,NA
2408,Lam,16,switch,0,2013,B,3.2,1.3,2.9,NA,NA,NA,NA,NA
2408,Lam,16,switch,0,2013,C,1.5,2.3,2.8,NA,NA,NA,NA,NA
2412,Lam,25,TLI/leg,40,2013,A,4.4,2.2,4.7,NA,NA,NA,NA,NA
2412,Lam,25,TLI/leg,40,2013,B,3.4,2.8,4.6,NA,NA,NA,NA,NA
2412,Lam,25,TLI/leg,40,2013,C,1.9,2.6,2.7,NA,NA,NA,NA,NA
2414,Lam,7,corn,80,2013,A,4.8,5.6,4.8,NA,NA,NA,NA,NA
2414,Lam,7,corn,80,2013,B,3.9,6.6,4.1,NA,NA,NA,NA,NA
2414,Lam,7,corn,80,2013,C,1.5,7.8,3.2,NA,NA,NA,NA,NA
2417,Lam,22,TLI,80,2013,A,4.6,2.2,4.6,NA,NA,NA,NA,NA
2417,Lam,22,TLI,80,2013,B,2.5,2.4,3.4,NA,NA,NA,NA,NA
2417,Lam,22,TLI,80,2013,C,1.2,2.8,3.3,NA,NA,NA,NA,NA
2422,Lam,23,TLI,160,2013,A,5.5,5.3,7.5,NA,NA,NA,NA,NA
2422,Lam,23,TLI,160,2013,B,4.1,6.2,6.3,NA,NA,NA,NA,NA
2422,Lam,23,TLI,160,2013,C,1.4,3,3.2,NA,NA,NA,NA,NA
2423,Lam,20,swit/leg,40,2013,A,5.4,6.2,8.1,NA,NA,NA,NA,NA
2423,Lam,20,swit/leg,40,2013,B,4.3,4.4,5,NA,NA,NA,NA,NA
2423,Lam,20,swit/leg,40,2013,C,2.0,3,3.1,NA,NA,NA,NA,NA
2424,Lam,6,corn,0,2013,A,5.4,7.2,6.4,NA,NA,NA,NA,NA
2424,Lam,6,corn,0,2013,B,4.3,5.2,4,NA,NA,NA,NA,NA
2424,Lam,6,corn,0,2013,C,1.8,3.4,3,NA,NA,NA,NA,NA
3101,Cro,16,switch,0,2013,A,4.6,6.1,7.4,NA,NA,NA,NA,NA
3101,Cro,16,switch,0,2013,B,1.8,2.6,3.2,NA,NA,NA,NA,NA
3101,Cro,16,switch,0,2013,C,0.7,1.5,2.8,NA,NA,NA,NA,NA
3104,Cro,23,TLI,160,2013,A,4.9,5.2,7.1,NA,NA,NA,NA,NA
3104,Cro,23,TLI,160,2013,B,2.6,4,6.1,NA,NA,NA,NA,NA
3104,Cro,23,TLI,160,2013,C,1.5,2.2,5.2,NA,NA,NA,NA,NA
3105,Cro,6,corn,0,2013,A,4.8,5.7,7.4,NA,NA,NA,NA,NA
3105,Cro,6,corn,0,2013,B,2.3,6.6,6.1,NA,NA,NA,NA,NA
3105,Cro,6,corn,0,2013,C,1.5,3.8,5,NA,NA,NA,NA,NA
3106,Cro,18,switch,160,2013,A,4.7,7,6.8,NA,NA,NA,NA,NA
3106,Cro,18,switch,160,2013,B,1.8,8.9,3.3,NA,NA,NA,NA,NA
3106,Cro,18,switch,160,2013,C,0.8,12.1,3.4,NA,NA,NA,NA,NA
3110,Cro,9,corn,160,2013,A,5.4,6.1,7.4,NA,NA,NA,NA,NA
3110,Cro,9,corn,160,2013,B,3.1,7.3,4.5,NA,NA,NA,NA,NA
3110,Cro,9,corn,160,2013,C,1.7,16,3.7,NA,NA,NA,NA,NA
3114,Cro,21,TLI,0,2013,A,6.1,5.6,6.4,NA,NA,NA,NA,NA
3114,Cro,21,TLI,0,2013,B,3.9,3.4,3.8,NA,NA,NA,NA,NA
3114,Cro,21,TLI,0,2013,C,1.6,3.2,3.8,NA,NA,NA,NA,NA
3119,Cro,22,TLI,80,2013,A,5.7,4.3,7,NA,NA,NA,NA,NA
3119,Cro,22,TLI,80,2013,B,3.9,3.3,5.4,NA,NA,NA,NA,NA
3119,Cro,22,TLI,80,2013,C,1.2,4.7,5.7,NA,NA,NA,NA,NA
3121,Cro,20,swit/leg,40,2013,A,4.5,6.2,7.6,NA,NA,NA,NA,NA
3121,Cro,20,swit/leg,40,2013,B,2.0,4.1,5.8,NA,NA,NA,NA,NA
3121,Cro,20,swit/leg,40,2013,C,0.7,1.8,3.2,NA,NA,NA,NA,NA
3124,Cro,25,TLI/leg,40,2013,A,5.7,10.8,6.5,NA,NA,NA,NA,NA
3124,Cro,25,TLI/leg,40,2013,B,2.8,5.2,7.3,NA,NA,NA,NA,NA
3124,Cro,25,TLI/leg,40,2013,C,1.7,2.3,4.9,NA,NA,NA,NA,NA
3125,Cro,7,corn,80,2013,A,5.1,5.9,7.4,NA,NA,NA,NA,NA
3125,Cro,7,corn,80,2013,B,1.6,8.1,4.7,NA,NA,NA,NA,NA
3125,Cro,7,corn,80,2013,C,1.7,5.1,5.4,NA,NA,NA,NA,NA
3204,Cro,25,TLI/leg,40,2013,A,5.3,5.4,7.7,NA,NA,NA,NA,NA
3204,Cro,25,TLI/leg,40,2013,B,2.5,2.8,4.3,NA,NA,NA,NA,NA
3204,Cro,25,TLI/leg,40,2013,C,1.1,2.4,3.5,NA,NA,NA,NA,NA
3206,Cro,6,corn,0,2013,A,5.5,5.6,6.4,NA,NA,NA,NA,NA
3206,Cro,6,corn,0,2013,B,3.7,7.9,3.6,NA,NA,NA,NA,NA
3206,Cro,6,corn,0,2013,C,1.6,5,3,NA,NA,NA,NA,NA
3209,Cro,21,TLI,0,2013,A,5.1,2.7,6.7,NA,NA,NA,NA,NA
3209,Cro,21,TLI,0,2013,B,2.8,2.8,5.2,NA,NA,NA,NA,NA
3209,Cro,21,TLI,0,2013,C,1.6,2.1,4,NA,NA,NA,NA,NA
3211,Cro,9,corn,160,2013,A,5.7,5.6,6.6,NA,NA,NA,NA,NA
3211,Cro,9,corn,160,2013,B,3.3,7.3,4.5,NA,NA,NA,NA,NA
3211,Cro,9,corn,160,2013,C,1.6,12.1,5.6,NA,NA,NA,NA,NA
3214,Cro,23,TLI,160,2013,A,5.3,4.5,6.7,NA,NA,NA,NA,NA
3214,Cro,23,TLI,160,2013,B,2.5,4.9,5.8,NA,NA,NA,NA,NA
3214,Cro,23,TLI,160,2013,C,1.6,2.8,4.4,NA,NA,NA,NA,NA
3215,Cro,18,switch,160,2013,A,4.9,7.3,8.6,NA,NA,NA,NA,NA
3215,Cro,18,switch,160,2013,B,2.4,5.7,4,NA,NA,NA,NA,NA
3215,Cro,18,switch,160,2013,C,1.6,6.7,5.8,NA,NA,NA,NA,NA
3219,Cro,22,TLI,80,2013,A,5.2,5,9.8,NA,NA,NA,NA,NA
3219,Cro,22,TLI,80,2013,B,2.5,3.1,5,NA,NA,NA,NA,NA
3219,Cro,22,TLI,80,2013,C,1.5,1.9,3.6,NA,NA,NA,NA,NA
3220,Cro,20,swit/leg,40,2013,A,4.7,6.1,9.4,NA,NA,NA,NA,NA
3220,Cro,20,swit/leg,40,2013,B,2.4,3.1,4.4,NA,NA,NA,NA,NA
3220,Cro,20,swit/leg,40,2013,C,1.4,4.7,4.9,NA,NA,NA,NA,NA
3221,Cro,7,corn,80,2013,A,4.4,5.3,6.4,NA,NA,NA,NA,NA
3221,Cro,7,corn,80,2013,B,2.1,4.7,4.7,NA,NA,NA,NA,NA
3221,Cro,7,corn,80,2013,C,1.7,3.1,3.7,NA,NA,NA,NA,NA
3225,Cro,16,switch,0,2013,A,4.8,6.6,8.4,NA,NA,NA,NA,NA
3225,Cro,16,switch,0,2013,B,2.3,3.3,4.3,NA,NA,NA,NA,NA
3225,Cro,16,switch,0,2013,C,1.5,5.3,6.5,NA,NA,NA,NA,NA
3303,Cro,22,TLI,80,2013,A,4.9,5.2,8,NA,NA,NA,NA,NA
3303,Cro,22,TLI,80,2013,B,2.5,3.1,4.5,NA,NA,NA,NA,NA
3303,Cro,22,TLI,80,2013,C,1.5,3.9,6,NA,NA,NA,NA,NA
3306,Cro,16,switch,0,2013,A,4.7,8,9,NA,NA,NA,NA,NA
3306,Cro,16,switch,0,2013,B,2.5,6.9,7.5,NA,NA,NA,NA,NA
3306,Cro,16,switch,0,2013,C,1.4,4.2,6,NA,NA,NA,NA,NA
3307,Cro,6,corn,0,2013,A,4.7,7,7.4,NA,NA,NA,NA,NA
3307,Cro,6,corn,0,2013,B,2.5,5.2,4.6,NA,NA,NA,NA,NA
3307,Cro,6,corn,0,2013,C,1.4,3.4,4.4,NA,NA,NA,NA,NA
3311,Cro,20,swit/leg,40,2013,A,4.8,7.4,8.7,NA,NA,NA,NA,NA
3311,Cro,20,swit/leg,40,2013,B,2.0,8.1,6.1,NA,NA,NA,NA,NA
3311,Cro,20,swit/leg,40,2013,C,1.3,4.2,5.6,NA,NA,NA,NA,NA
3313,Cro,23,TLI,160,2013,A,5.2,9.6,9.9,NA,NA,NA,NA,NA
3313,Cro,23,TLI,160,2013,B,2.1,3.9,4.8,NA,NA,NA,NA,NA
3313,Cro,23,TLI,160,2013,C,1.4,3.4,4.7,NA,NA,NA,NA,NA
3317,Cro,7,corn,80,2013,A,4.6,7.2,8.8,NA,NA,NA,NA,NA
3317,Cro,7,corn,80,2013,B,2.2,8.1,3.8,NA,NA,NA,NA,NA
3317,Cro,7,corn,80,2013,C,1.4,3.4,3.9,NA,NA,NA,NA,NA
3318,Cro,21,TLI,0,2013,A,4.8,4.6,8.2,NA,NA,NA,NA,NA
3318,Cro,21,TLI,0,2013,B,2.7,5,7.7,NA,NA,NA,NA,NA
3318,Cro,21,TLI,0,2013,C,1.5,2.1,3.7,NA,NA,NA,NA,NA
3321,Cro,18,switch,160,2013,A,5.1,9.9,13,NA,NA,NA,NA,NA
3321,Cro,18,switch,160,2013,B,2.0,8.2,4.7,NA,NA,NA,NA,NA
3321,Cro,18,switch,160,2013,C,1.4,23.3,7.2,NA,NA,NA,NA,NA
3322,Cro,9,corn,160,2013,A,4.4,7.3,8.1,NA,NA,NA,NA,NA
3322,Cro,9,corn,160,2013,B,2.4,5.6,4.4,NA,NA,NA,NA,NA
3322,Cro,9,corn,160,2013,C,1.3,6.8,4.1,NA,NA,NA,NA,NA
3323,Cro,25,TLI/leg,40,2013,A,5.0,7.9,7.6,NA,NA,NA,NA,NA
3323,Cro,25,TLI/leg,40,2013,B,3.5,4.4,4.7,NA,NA,NA,NA,NA
3323,Cro,25,TLI/leg,40,2013,C,1.8,2.7,4.2,NA,NA,NA,NA,NA
3401,Cro,22,TLI,80,2013,A,4.7,4.1,6.2,NA,NA,NA,NA,NA
3401,Cro,22,TLI,80,2013,B,2.6,2.7,4.1,NA,NA,NA,NA,NA
3401,Cro,22,TLI,80,2013,C,1.3,2.6,4.6,NA,NA,NA,NA,NA
3403,Cro,18,switch,160,2013,A,4.6,7.8,7.1,NA,NA,NA,NA,NA
3403,Cro,18,switch,160,2013,B,2.3,8,5.1,NA,NA,NA,NA,NA
3403,Cro,18,switch,160,2013,C,1.3,8.8,4,NA,NA,NA,NA,NA
3408,Cro,16,switch,0,2013,A,4.6,5,6.8,NA,NA,NA,NA,NA
3408,Cro,16,switch,0,2013,B,2.1,3.4,4.2,NA,NA,NA,NA,NA
3408,Cro,16,switch,0,2013,C,1.5,3.4,5.2,NA,NA,NA,NA,NA
3410,Cro,6,corn,0,2013,A,4.5,7.1,6.5,NA,NA,NA,NA,NA
3410,Cro,6,corn,0,2013,B,2.5,7.9,3.8,NA,NA,NA,NA,NA
3410,Cro,6,corn,0,2013,C,1.4,4.6,4.6,NA,NA,NA,NA,NA
3411,Cro,21,TLI,0,2013,A,5.0,3.8,6.7,NA,NA,NA,NA,NA
3411,Cro,21,TLI,0,2013,B,3.1,3.4,4.6,NA,NA,NA,NA,NA
3411,Cro,21,TLI,0,2013,C,1.5,2.3,3.2,NA,NA,NA,NA,NA
3415,Cro,9,corn,160,2013,A,4.5,7.6,7.4,NA,NA,NA,NA,NA
3415,Cro,9,corn,160,2013,B,2.3,17.9,3.3,NA,NA,NA,NA,NA
3415,Cro,9,corn,160,2013,C,1.4,15.2,3.1,NA,NA,NA,NA,NA
3416,Cro,25,TLI/leg,40,2013,A,5.1,7.8,8,NA,NA,NA,NA,NA
3416,Cro,25,TLI/leg,40,2013,B,3.5,4.4,3.7,NA,NA,NA,NA,NA
3416,Cro,25,TLI/leg,40,2013,C,1.7,2.3,4.5,NA,NA,NA,NA,NA
3420,Cro,7,corn,80,2013,A,4.6,6.4,7.5,NA,NA,NA,NA,NA
3420,Cro,7,corn,80,2013,B,2.3,9.3,5.7,NA,NA,NA,NA,NA
3420,Cro,7,corn,80,2013,C,1.3,3.8,5.2,NA,NA,NA,NA,NA
3421,Cro,23,TLI,160,2013,A,5.2,6,6.8,NA,NA,NA,NA,NA
3421,Cro,23,TLI,160,2013,B,3.2,5.3,6.3,NA,NA,NA,NA,NA
3421,Cro,23,TLI,160,2013,C,1.7,8,3.6,NA,NA,NA,NA,NA
3423,Cro,20,swit/leg,40,2013,A,4.8,4.8,8,NA,NA,NA,NA,NA
3423,Cro,20,swit/leg,40,2013,B,2.7,4.1,4.1,NA,NA,NA,NA,NA
1115,Was,23,TLI,160,2013,C,NA,1.2,3.6,NA,NA,NA,NA,NA
1209,Was,9,corn,160,2013,B,NA,4.2,5.1,NA,NA,NA,NA,NA
1303,Was,23,TLI,160,2013,A,NA,7.5,10.2,NA,NA,NA,NA,NA
1314,Was,18,switch,160,2013,C,NA,6.5,4.9,NA,NA,NA,NA,NA
1413,Was,9,corn,160,2013,B,NA,4.6,5,NA,NA,NA,NA,NA
2102,Lam,6,corn,0,2013,A,NA,7.2,5.4,NA,NA,NA,NA,NA
2118,Lam,16,switch,0,2013,C,NA,2.7,3.3,NA,NA,NA,NA,NA
2206,Lam,16,switch,0,2013,B,NA,2.7,4.7,NA,NA,NA,NA,NA
2303,Lam,7,corn,80,2013,A,NA,11.6,6.6,NA,NA,NA,NA,NA
2318,Lam,9,corn,160,2013,C,NA,4,4.5,NA,NA,NA,NA,NA
2408,Lam,16,switch,0,2013,B,2.9,2.7,3,NA,NA,NA,NA,NA
3101,Cro,16,switch,0,2013,A,NA,6.4,7.7,NA,NA,NA,NA,NA
3119,Cro,22,TLI,80,2013,C,NA,2.2,3.2,NA,NA,NA,NA,NA
3211,Cro,9,corn,160,2013,B,NA,7.3,3.6,NA,NA,NA,NA,NA
3303,Cro,22,TLI,80,2013,A,NA,4.9,7.6,NA,NA,NA,NA,NA
3318,Cro,21,TLI,0,2013,C,NA,2,3.7,NA,NA,NA,NA,NA
3410,Cro,6,corn,0,2013,B,NA,10.1,5,NA,NA,NA,NA,NA
1101,Was,7,corn,80,2013,A,6.1,7.4,8.8,NA,NA,NA,NA,NA
1116,Was,9,corn,160,2013,B,2.9,NA,NA,NA,NA,NA,NA,NA
1210,Was,16,switch,0,2013,C,1.6,NA,NA,NA,NA,NA,NA,NA
1308,Was,22,TLI,80,2013,A,5.7,NA,NA,NA,NA,NA,NA,NA
1323,Was,25,TLI/leg,40,2013,B,2.8,NA,NA,NA,NA,NA,NA,NA
1418,Was,6,corn,0,2013,C,1.3,NA,NA,NA,NA,NA,NA,NA
2112,Lam,9,corn,160,2013,A,3.2,NA,NA,NA,NA,NA,NA,NA
2203,Lam,22,TLI,80,2013,B,2.8,NA,NA,NA,NA,NA,NA,NA
2221,Lam,20,swit/leg,40,2013,C,2.3,NA,NA,NA,NA,NA,NA,NA
2318,Lam,9,corn,160,2013,A,4.6,NA,NA,NA,NA,NA,NA,NA
3101,Cro,16,switch,0,2013,C,0.6,NA,NA,NA,NA,NA,NA,NA
3124,Cro,25,TLI/leg,40,2013,A,5.3,NA,NA,NA,NA,NA,NA,NA
3215,Cro,18,switch,160,2013,B,2.4,NA,NA,NA,NA,NA,NA,NA
3307,Cro,6,corn,0,2013,C,1.4,NA,NA,NA,NA,NA,NA,NA
3401,Cro,22,TLI,80,2013,A,4.5,NA,NA,NA,NA,NA,NA,NA
3420,Cro,7,corn,80,2013,B,2.3,NA,NA,NA,NA,NA,NA,NA
1101,Was,7,corn,80,2014,A,5.6,8.0,6,NA,NA,NA,NA,NA
1101,Was,7,corn,80,2014,B,NA,4.0,1,NA,NA,NA,NA,NA
1101,Was,7,corn,80,2014,C,NA,1.0,NA,NA,NA,NA,NA,NA
1104,Was,18,switch,160,2014,A,4.6,3.0,6,NA,NA,NA,NA,NA
1104,Was,18,switch,160,2014,B,NA,1.0,3,NA,NA,NA,NA,NA
1104,Was,18,switch,160,2014,C,NA,1.0,NA,NA,NA,NA,NA,NA
1105,Was,22,TLI,80,2014,A,4.2,2.0,4,NA,NA,NA,NA,NA
1105,Was,22,TLI,80,2014,B,NA,1.0,3,NA,NA,NA,NA,NA
1105,Was,22,TLI,80,2014,C,NA,1.0,NA,NA,NA,NA,NA,NA
1109,Was,16,switch,0,2014,A,4.4,2.0,6,NA,NA,NA,NA,NA
1109,Was,16,switch,0,2014,B,NA,1.0,2,NA,NA,NA,NA,NA
1109,Was,16,switch,0,2014,C,NA,1.0,NA,NA,NA,NA,NA,NA
1110,Was,25,TLI/leg,40,2014,A,4.5,2.0,4,NA,NA,NA,NA,NA
1110,Was,25,TLI/leg,40,2014,B,NA,1.0,3,NA,NA,NA,NA,NA
1110,Was,25,TLI/leg,40,2014,C,NA,1.0,NA,NA,NA,NA,NA,NA
1111,Was,6,corn,0,2014,A,4.5,5.0,3,NA,NA,NA,NA,NA
1111,Was,6,corn,0,2014,B,NA,2.0,1,NA,NA,NA,NA,NA
1111,Was,6,corn,0,2014,C,NA,1.0,NA,NA,NA,NA,NA,NA
1115,Was,23,TLI,160,2014,A,4.1,4.0,3,NA,NA,NA,NA,NA
1115,Was,23,TLI,160,2014,B,NA,2.0,4,NA,NA,NA,NA,NA
1115,Was,23,TLI,160,2014,C,NA,1.0,NA,NA,NA,NA,NA,NA
1116,Was,9,corn,160,2014,A,5,9.0,7,NA,NA,NA,NA,NA
1116,Was,9,corn,160,2014,B,NA,6.5,1,NA,NA,NA,NA,NA
1116,Was,9,corn,160,2014,C,NA,2.0,NA,NA,NA,NA,NA,NA
1119,Was,20,swit/leg,40,2014,A,4.5,2.0,3,NA,NA,NA,NA,NA
1119,Was,20,swit/leg,40,2014,B,NA,1.0,1,NA,NA,NA,NA,NA
1119,Was,20,swit/leg,40,2014,C,NA,1.0,NA,NA,NA,NA,NA,NA
1125,Was,21,TLI,0,2014,A,4.4,1.0,3,NA,NA,NA,NA,NA
1125,Was,21,TLI,0,2014,B,NA,1.0,2,NA,NA,NA,NA,NA
1125,Was,21,TLI,0,2014,C,NA,1.0,NA,NA,NA,NA,NA,NA
1202,Was,25,TLI/leg,40,2014,A,4.4,2.0,6,NA,NA,NA,NA,NA
1202,Was,25,TLI/leg,40,2014,B,NA,1.0,4,NA,NA,NA,NA,NA
1202,Was,25,TLI/leg,40,2014,C,NA,1.0,NA,NA,NA,NA,NA,NA
1205,Was,18,switch,160,2014,A,4.8,4.0,5,NA,NA,NA,NA,NA
1205,Was,18,switch,160,2014,B,NA,2.0,4,NA,NA,NA,NA,NA
1205,Was,18,switch,160,2014,C,NA,1.0,NA,NA,NA,NA,NA,NA
1207,Was,22,TLI,80,2014,A,5.1,1.5,6,NA,NA,NA,NA,NA
1207,Was,22,TLI,80,2014,B,NA,1.0,6,NA,NA,NA,NA,NA
1207,Was,22,TLI,80,2014,C,NA,1.0,NA,NA,NA,NA,NA,NA
1209,Was,9,corn,160,2014,A,4.9,20.0,9,NA,NA,NA,NA,NA
1209,Was,9,corn,160,2014,B,NA,6.0,4,NA,NA,NA,NA,NA
1209,Was,9,corn,160,2014,C,NA,3.0,NA,NA,NA,NA,NA,NA
1210,Was,16,switch,0,2014,A,5,2.5,6,NA,NA,NA,NA,NA
1210,Was,16,switch,0,2014,B,NA,2.0,5,NA,NA,NA,NA,NA
1210,Was,16,switch,0,2014,C,NA,1.0,NA,NA,NA,NA,NA,NA
1214,Was,7,corn,80,2014,A,4.5,4.0,8,NA,NA,NA,NA,NA
1214,Was,7,corn,80,2014,B,NA,2.0,4,NA,NA,NA,NA,NA
1214,Was,7,corn,80,2014,C,NA,1.0,NA,NA,NA,NA,NA,NA
1217,Was,21,TLI,0,2014,A,4.9,2.0,6,NA,NA,NA,NA,NA
1217,Was,21,TLI,0,2014,B,NA,2.0,6,NA,NA,NA,NA,NA
1217,Was,21,TLI,0,2014,C,NA,1.0,NA,NA,NA,NA,NA,NA
1219,Was,6,corn,0,2014,A,5,4.5,9,NA,NA,NA,NA,NA
1219,Was,6,corn,0,2014,B,NA,3.0,4,NA,NA,NA,NA,NA
1219,Was,6,corn,0,2014,C,NA,1.0,NA,NA,NA,NA,NA,NA
1222,Was,23,TLI,160,2014,A,5.2,2.0,7,NA,NA,NA,NA,NA
1222,Was,23,TLI,160,2014,B,NA,1.0,4,NA,NA,NA,NA,NA
1222,Was,23,TLI,160,2014,C,NA,1.0,NA,NA,NA,NA,NA,NA
1225,Was,20,swit/leg,40,2014,A,5.2,3.5,8,NA,NA,NA,NA,NA
1225,Was,20,swit/leg,40,2014,B,NA,2.0,4,NA,NA,NA,NA,NA
1225,Was,20,swit/leg,40,2014,C,NA,1.0,NA,NA,NA,NA,NA,NA
1303,Was,23,TLI,160,2014,A,5,3.0,6,NA,NA,NA,NA,NA
1303,Was,23,TLI,160,2014,B,NA,2.0,1,NA,NA,NA,NA,NA
1303,Was,23,TLI,160,2014,C,NA,1.0,NA,NA,NA,NA,NA,NA
1304,Was,20,swit/leg,40,2014,A,5.2,3.0,6,NA,NA,NA,NA,NA
1304,Was,20,swit/leg,40,2014,B,NA,2.0,2,NA,NA,NA,NA,NA
1304,Was,20,swit/leg,40,2014,C,NA,1.0,NA,NA,NA,NA,NA,NA
1308,Was,22,TLI,80,2014,A,5.5,1.0,6,NA,NA,NA,NA,NA
1308,Was,22,TLI,80,2014,B,NA,1.0,4,NA,NA,NA,NA,NA
1308,Was,22,TLI,80,2014,C,NA,1.0,NA,NA,NA,NA,NA,NA
1309,Was,16,switch,0,2014,A,5.1,2.0,2,NA,NA,NA,NA,NA
1309,Was,16,switch,0,2014,B,NA,2.0,1,NA,NA,NA,NA,NA
1309,Was,16,switch,0,2014,C,NA,1.0,NA,NA,NA,NA,NA,NA
1310,Was,9,corn,160,2014,A,5.2,12.0,6,NA,NA,NA,NA,NA
1310,Was,9,corn,160,2014,B,NA,6.0,2,NA,NA,NA,NA,NA
1310,Was,9,corn,160,2014,C,NA,2.0,NA,NA,NA,NA,NA,NA
1313,Was,21,TLI,0,2014,A,5,1.0,4,NA,NA,NA,NA,NA
1313,Was,21,TLI,0,2014,B,NA,1.0,2,NA,NA,NA,NA,NA
1313,Was,21,TLI,0,2014,C,NA,1.0,NA,NA,NA,NA,NA,NA
1314,Was,18,switch,160,2014,A,4.6,3.0,6,NA,NA,NA,NA,NA
1314,Was,18,switch,160,2014,B,NA,2.0,3,NA,NA,NA,NA,NA
1314,Was,18,switch,160,2014,C,NA,1.0,NA,NA,NA,NA,NA,NA
1315,Was,7,corn,80,2014,A,4.3,3.0,1,NA,NA,NA,NA,NA
1315,Was,7,corn,80,2014,B,NA,2.0,4,NA,NA,NA,NA,NA
1315,Was,7,corn,80,2014,C,NA,1.0,NA,NA,NA,NA,NA,NA
1320,Was,6,corn,0,2014,A,4.4,4.5,8,NA,NA,NA,NA,NA
1320,Was,6,corn,0,2014,B,NA,2.0,4,NA,NA,NA,NA,NA
1320,Was,6,corn,0,2014,C,NA,1.0,NA,NA,NA,NA,NA,NA
1323,Was,25,TLI/leg,40,2014,A,4.5,3.5,4,NA,NA,NA,NA,NA
1323,Was,25,TLI/leg,40,2014,B,NA,1.0,2,NA,NA,NA,NA,NA
1323,Was,25,TLI/leg,40,2014,C,NA,1.0,NA,NA,NA,NA,NA,NA
1401,Was,25,TLI/leg,40,2014,A,5.9,1.0,4,NA,NA,NA,NA,NA
1401,Was,25,TLI/leg,40,2014,B,NA,1.0,2,NA,NA,NA,NA,NA
1401,Was,25,TLI/leg,40,2014,C,NA,1.0,NA,NA,NA,NA,NA,NA
1404,Was,20,swit/leg,40,2014,A,5.2,3.0,5,NA,NA,NA,NA,NA
1404,Was,20,swit/leg,40,2014,B,NA,3.0,2,NA,NA,NA,NA,NA
1404,Was,20,swit/leg,40,2014,C,NA,1.0,NA,NA,NA,NA,NA,NA
1411,Was,22,TLI,80,2014,A,5,3.5,4,NA,NA,NA,NA,NA
1411,Was,22,TLI,80,2014,B,NA,2.0,2,NA,NA,NA,NA,NA
1411,Was,22,TLI,80,2014,C,NA,1.0,NA,NA,NA,NA,NA,NA
1413,Was,9,corn,160,2014,A,4.7,6.5,7,NA,NA,NA,NA,NA
1413,Was,9,corn,160,2014,B,NA,4.0,3,NA,NA,NA,NA,NA
1413,Was,9,corn,160,2014,C,NA,2.0,NA,NA,NA,NA,NA,NA
1414,Was,18,switch,160,2014,A,5.4,4.5,6,NA,NA,NA,NA,NA
1414,Was,18,switch,160,2014,B,NA,3.0,2,NA,NA,NA,NA,NA
1414,Was,18,switch,160,2014,C,NA,1.0,NA,NA,NA,NA,NA,NA
1416,Was,21,TLI,0,2014,A,4.7,2.0,5,NA,NA,NA,NA,NA
1416,Was,21,TLI,0,2014,B,NA,1.0,2,NA,NA,NA,NA,NA
1416,Was,21,TLI,0,2014,C,NA,1.0,NA,NA,NA,NA,NA,NA
1418,Was,6,corn,0,2014,A,4.5,3.0,5,NA,NA,NA,NA,NA
1418,Was,6,corn,0,2014,B,NA,2.0,3,NA,NA,NA,NA,NA
1418,Was,6,corn,0,2014,C,NA,1.0,NA,NA,NA,NA,NA,NA
1419,Was,16,switch,0,2014,A,5,1.5,5,NA,NA,NA,NA,NA
1419,Was,16,switch,0,2014,B,NA,1.0,3,NA,NA,NA,NA,NA
1419,Was,16,switch,0,2014,C,NA,1.0,NA,NA,NA,NA,NA,NA
1421,Was,23,TLI,160,2014,A,4.3,1.5,5,NA,NA,NA,NA,NA
1421,Was,23,TLI,160,2014,B,NA,1.0,3,NA,NA,NA,NA,NA
1421,Was,23,TLI,160,2014,C,NA,1.0,NA,NA,NA,NA,NA,NA
1423,Was,7,corn,80,2014,A,4.3,3.5,6,NA,NA,NA,NA,NA
1423,Was,7,corn,80,2014,B,NA,2.0,3,NA,NA,NA,NA,NA
1423,Was,7,corn,80,2014,C,NA,1.0,NA,NA,NA,NA,NA,NA
2102,Lam,6,corn,0,2014,A,3,3.0,5,NA,NA,NA,NA,NA
2102,Lam,6,corn,0,2014,B,NA,3.0,3,NA,NA,NA,NA,NA
2102,Lam,6,corn,0,2014,C,NA,1.0,NA,NA,NA,NA,NA,NA
2106,Lam,25,TLI/leg,40,2014,A,3.2,0.5,4,NA,NA,NA,NA,NA
2106,Lam,25,TLI/leg,40,2014,B,NA,1.0,3,NA,NA,NA,NA,NA
2106,Lam,25,TLI/leg,40,2014,C,NA,1.0,NA,NA,NA,NA,NA,NA
2108,Lam,18,switch,160,2014,A,2.9,4.0,7,NA,NA,NA,NA,NA
2108,Lam,18,switch,160,2014,B,NA,15.0,3,NA,NA,NA,NA,NA
2108,Lam,18,switch,160,2014,C,NA,13.0,NA,NA,NA,NA,NA,NA
2111,Lam,23,TLI,160,2014,A,3.1,0.5,7,NA,NA,NA,NA,NA
2111,Lam,23,TLI,160,2014,B,NA,1.0,4,NA,NA,NA,NA,NA
2111,Lam,23,TLI,160,2014,C,NA,1.0,NA,NA,NA,NA,NA,NA
2112,Lam,9,corn,160,2014,A,3.2,4.0,5,NA,NA,NA,NA,NA
2112,Lam,9,corn,160,2014,B,NA,3.0,1,NA,NA,NA,NA,NA
2112,Lam,9,corn,160,2014,C,NA,2.0,NA,NA,NA,NA,NA,NA
2116,Lam,22,TLI,80,2014,A,3,0.5,3,NA,NA,NA,NA,NA
2116,Lam,22,TLI,80,2014,B,NA,1.0,1,NA,NA,NA,NA,NA
2116,Lam,22,TLI,80,2014,C,NA,1.0,NA,NA,NA,NA,NA,NA
2118,Lam,16,switch,0,2014,A,3.2,0.5,4,NA,NA,NA,NA,NA
2118,Lam,16,switch,0,2014,B,NA,1.0,2,NA,NA,NA,NA,NA
2118,Lam,16,switch,0,2014,C,NA,1.0,NA,NA,NA,NA,NA,NA
2121,Lam,21,TLI,0,2014,A,3.3,1.5,4,NA,NA,NA,NA,NA
2121,Lam,21,TLI,0,2014,B,NA,1.0,4,NA,NA,NA,NA,NA
2121,Lam,21,TLI,0,2014,C,NA,1.0,NA,NA,NA,NA,NA,NA
2122,Lam,7,corn,80,2014,A,3.1,2.0,6,NA,NA,NA,NA,NA
2122,Lam,7,corn,80,2014,B,NA,1.0,3,NA,NA,NA,NA,NA
2122,Lam,7,corn,80,2014,C,NA,1.0,NA,NA,NA,NA,NA,NA
2123,Lam,20,swit/leg,40,2014,A,3.2,1.5,4,NA,NA,NA,NA,NA
2123,Lam,20,swit/leg,40,2014,B,NA,1.0,2,NA,NA,NA,NA,NA
2123,Lam,20,swit/leg,40,2014,C,NA,1.0,NA,NA,NA,NA,NA,NA
2201,Lam,18,switch,160,2014,A,3.3,1.5,6,NA,NA,NA,NA,NA
2201,Lam,18,switch,160,2014,B,NA,1.0,2,NA,NA,NA,NA,NA
2201,Lam,18,switch,160,2014,C,NA,1.0,NA,NA,NA,NA,NA,NA
2203,Lam,22,TLI,80,2014,A,3.4,1.0,4,NA,NA,NA,NA,NA
2203,Lam,22,TLI,80,2014,B,NA,1.0,1,NA,NA,NA,NA,NA
2203,Lam,22,TLI,80,2014,C,NA,1.0,NA,NA,NA,NA,NA,NA
2204,Lam,7,corn,80,2014,A,3.2,1.0,4,NA,NA,NA,NA,NA
2204,Lam,7,corn,80,2014,B,NA,1.0,2,NA,NA,NA,NA,NA
2204,Lam,7,corn,80,2014,C,NA,1.0,NA,NA,NA,NA,NA,NA
2206,Lam,16,switch,0,2014,A,3.5,2.0,3,NA,NA,NA,NA,NA
2206,Lam,16,switch,0,2014,B,NA,1.0,1,NA,NA,NA,NA,NA
2206,Lam,16,switch,0,2014,C,NA,1.0,NA,NA,NA,NA,NA,NA
2213,Lam,23,TLI,160,2014,A,3.5,1.5,4,NA,NA,NA,NA,NA
2213,Lam,23,TLI,160,2014,B,NA,1.0,2,NA,NA,NA,NA,NA
2213,Lam,23,TLI,160,2014,C,NA,1.0,NA,NA,NA,NA,NA,NA
2214,Lam,9,corn,160,2014,A,3.4,3.5,4,NA,NA,NA,NA,NA
2214,Lam,9,corn,160,2014,B,NA,4.0,1,NA,NA,NA,NA,NA
2214,Lam,9,corn,160,2014,C,NA,6.0,NA,NA,NA,NA,NA,NA
2218,Lam,25,TLI/leg,40,2014,A,3.8,0.5,4,NA,NA,NA,NA,NA
2218,Lam,25,TLI/leg,40,2014,B,NA,1.0,3,NA,NA,NA,NA,NA
2218,Lam,25,TLI/leg,40,2014,C,NA,1.0,NA,NA,NA,NA,NA,NA
2219,Lam,6,corn,0,2014,A,3.5,2.5,4,NA,NA,NA,NA,NA
2219,Lam,6,corn,0,2014,B,NA,1.0,3,NA,NA,NA,NA,NA
2219,Lam,6,corn,0,2014,C,NA,1.0,NA,NA,NA,NA,NA,NA
2221,Lam,20,swit/leg,40,2014,A,3.8,1.0,4,NA,NA,NA,NA,NA
2221,Lam,20,swit/leg,40,2014,B,NA,1.0,3,NA,NA,NA,NA,NA
2221,Lam,20,swit/leg,40,2014,C,NA,1.0,NA,NA,NA,NA,NA,NA
2223,Lam,21,TLI,0,2014,A,3.8,0.5,4,NA,NA,NA,NA,NA
2223,Lam,21,TLI,0,2014,B,NA,1.0,2,NA,NA,NA,NA,NA
2223,Lam,21,TLI,0,2014,C,NA,1.0,NA,NA,NA,NA,NA,NA
2303,Lam,7,corn,80,2014,A,3.5,2.0,4,NA,NA,NA,NA,NA
2303,Lam,7,corn,80,2014,B,NA,1.0,2,NA,NA,NA,NA,NA
2303,Lam,7,corn,80,2014,C,NA,1.0,NA,NA,NA,NA,NA,NA
2304,Lam,23,TLI,160,2014,A,3.9,1.0,6,NA,NA,NA,NA,NA
2304,Lam,23,TLI,160,2014,B,NA,1.0,1,NA,NA,NA,NA,NA
2304,Lam,23,TLI,160,2014,C,NA,1.0,NA,NA,NA,NA,NA,NA
2305,Lam,18,switch,160,2014,A,3.7,2.5,5,NA,NA,NA,NA,NA
2305,Lam,18,switch,160,2014,B,NA,4.0,2,NA,NA,NA,NA,NA
2305,Lam,18,switch,160,2014,C,NA,4.0,NA,NA,NA,NA,NA,NA
2309,Lam,25,TLI/leg,40,2014,A,3.7,3.0,4,NA,NA,NA,NA,NA
2309,Lam,25,TLI/leg,40,2014,B,NA,1.0,1,NA,NA,NA,NA,NA
2309,Lam,25,TLI/leg,40,2014,C,NA,1.0,NA,NA,NA,NA,NA,NA
2310,Lam,20,swit/leg,40,2014,A,3.6,1.5,4,NA,NA,NA,NA,NA
2310,Lam,20,swit/leg,40,2014,B,NA,1.0,1,NA,NA,NA,NA,NA
2310,Lam,20,swit/leg,40,2014,C,NA,1.0,NA,NA,NA,NA,NA,NA
2315,Lam,16,switch,0,2014,A,3.8,1.0,3,NA,NA,NA,NA,NA
2315,Lam,16,switch,0,2014,B,NA,1.0,1,NA,NA,NA,NA,NA
2315,Lam,16,switch,0,2014,C,NA,1.0,NA,NA,NA,NA,NA,NA
2318,Lam,9,corn,160,2014,A,3.6,3.0,4,NA,NA,NA,NA,NA
2318,Lam,9,corn,160,2014,B,NA,10.0,1,NA,NA,NA,NA,NA
2318,Lam,9,corn,160,2014,C,NA,4.0,NA,NA,NA,NA,NA,NA
2319,Lam,22,TLI,80,2014,A,3.8,0.5,2,NA,NA,NA,NA,NA
2319,Lam,22,TLI,80,2014,B,NA,1.0,1,NA,NA,NA,NA,NA
2319,Lam,22,TLI,80,2014,C,NA,1.0,NA,NA,NA,NA,NA,NA
2323,Lam,6,corn,0,2014,A,3.8,1.0,3,NA,NA,NA,NA,NA
2323,Lam,6,corn,0,2014,B,NA,1.0,1,NA,NA,NA,NA,NA
2323,Lam,6,corn,0,2014,C,NA,1.0,NA,NA,NA,NA,NA,NA
2324,Lam,21,TLI,0,2014,A,4,0.5,3,NA,NA,NA,NA,NA
2324,Lam,21,TLI,0,2014,B,NA,1.0,2,NA,NA,NA,NA,NA
2324,Lam,21,TLI,0,2014,C,NA,1.0,NA,NA,NA,NA,NA,NA
2403,Lam,18,switch,160,2014,A,4.2,1.5,4,NA,NA,NA,NA,NA
2403,Lam,18,switch,160,2014,B,NA,1.0,2,NA,NA,NA,NA,NA
2403,Lam,18,switch,160,2014,C,NA,1.0,NA,NA,NA,NA,NA,NA
2404,Lam,9,corn,160,2014,A,4,4.5,7,NA,NA,NA,NA,NA
2404,Lam,9,corn,160,2014,B,NA,4.0,3,NA,NA,NA,NA,NA
2404,Lam,9,corn,160,2014,C,NA,4.0,NA,NA,NA,NA,NA,NA
2407,Lam,21,TLI,0,2014,A,3.6,1.0,2,NA,NA,NA,NA,NA
2407,Lam,21,TLI,0,2014,B,NA,1.0,2,NA,NA,NA,NA,NA
2407,Lam,21,TLI,0,2014,C,NA,1.0,NA,NA,NA,NA,NA,NA
2408,Lam,16,switch,0,2014,A,3.7,0.5,3,NA,NA,NA,NA,NA
2408,Lam,16,switch,0,2014,B,NA,1.0,1,NA,NA,NA,NA,NA
2408,Lam,16,switch,0,2014,C,NA,1.0,NA,NA,NA,NA,NA,NA
2412,Lam,25,TLI/leg,40,2014,A,3.7,1.5,3,NA,NA,NA,NA,NA
2412,Lam,25,TLI/leg,40,2014,B,NA,1.0,1,NA,NA,NA,NA,NA
2412,Lam,25,TLI/leg,40,2014,C,NA,1.0,NA,NA,NA,NA,NA,NA
2414,Lam,7,corn,80,2014,A,4,4.0,4,NA,NA,NA,NA,NA
2414,Lam,7,corn,80,2014,B,NA,2.0,1,NA,NA,NA,NA,NA
2414,Lam,7,corn,80,2014,C,NA,1.0,NA,NA,NA,NA,NA,NA
2417,Lam,22,TLI,80,2014,A,3.8,1.5,4,NA,NA,NA,NA,NA
2417,Lam,22,TLI,80,2014,B,NA,2.0,3,NA,NA,NA,NA,NA
2417,Lam,22,TLI,80,2014,C,NA,1.0,NA,NA,NA,NA,NA,NA
2422,Lam,23,TLI,160,2014,A,4.1,1.5,2,NA,NA,NA,NA,NA
2422,Lam,23,TLI,160,2014,B,NA,1.0,1,NA,NA,NA,NA,NA
2422,Lam,23,TLI,160,2014,C,NA,1.0,NA,NA,NA,NA,NA,NA
2423,Lam,20,swit/leg,40,2014,A,4.4,2.5,3,NA,NA,NA,NA,NA
2423,Lam,20,swit/leg,40,2014,B,NA,2.0,1,NA,NA,NA,NA,NA
2423,Lam,20,swit/leg,40,2014,C,NA,1.0,NA,NA,NA,NA,NA,NA
2424,Lam,6,corn,0,2014,A,4.5,3.0,3,NA,NA,NA,NA,NA
2424,Lam,6,corn,0,2014,B,NA,1.0,1,NA,NA,NA,NA,NA
2424,Lam,6,corn,0,2014,C,NA,2.0,NA,NA,NA,NA,NA,NA
3101,Cro,16,switch,0,2014,A,4.1,3.0,3,NA,NA,NA,NA,NA
3101,Cro,16,switch,0,2014,B,NA,1.0,1,NA,NA,NA,NA,NA
3101,Cro,16,switch,0,2014,C,NA,1.0,NA,NA,NA,NA,NA,NA
3104,Cro,23,TLI,160,2014,A,4.4,2.0,6,NA,NA,NA,NA,NA
3104,Cro,23,TLI,160,2014,B,NA,13.0,4,NA,NA,NA,NA,NA
3104,Cro,23,TLI,160,2014,C,NA,1.0,NA,NA,NA,NA,NA,NA
3105,Cro,6,corn,0,2014,A,4.4,3.0,4,NA,NA,NA,NA,NA
3105,Cro,6,corn,0,2014,B,NA,1.0,3,NA,NA,NA,NA,NA
3105,Cro,6,corn,0,2014,C,NA,2.0,NA,NA,NA,NA,NA,NA
3106,Cro,18,switch,160,2014,A,4,4.0,7,NA,NA,NA,NA,NA
3106,Cro,18,switch,160,2014,B,NA,1.0,3,NA,NA,NA,NA,NA
3106,Cro,18,switch,160,2014,C,NA,1.0,NA,NA,NA,NA,NA,NA
3110,Cro,9,corn,160,2014,A,4.4,5.0,6,NA,NA,NA,NA,NA
3110,Cro,9,corn,160,2014,B,NA,4.0,4,NA,NA,NA,NA,NA
3110,Cro,9,corn,160,2014,C,NA,16.0,NA,NA,NA,NA,NA,NA
3114,Cro,21,TLI,0,2014,A,5.4,2.0,3,NA,NA,NA,NA,NA
3114,Cro,21,TLI,0,2014,B,NA,1.0,2,NA,NA,NA,NA,NA
3114,Cro,21,TLI,0,2014,C,NA,1.0,NA,NA,NA,NA,NA,NA
3119,Cro,22,TLI,80,2014,A,5.6,2.0,3,NA,NA,NA,NA,NA
3119,Cro,22,TLI,80,2014,B,NA,1.0,2,NA,NA,NA,NA,NA
3119,Cro,22,TLI,80,2014,C,NA,1.0,NA,NA,NA,NA,NA,NA
3121,Cro,20,swit/leg,40,2014,A,4.9,4.0,5,NA,NA,NA,NA,NA
3121,Cro,20,swit/leg,40,2014,B,NA,1.0,1,NA,NA,NA,NA,NA
3121,Cro,20,swit/leg,40,2014,C,NA,1.0,NA,NA,NA,NA,NA,NA
3124,Cro,25,TLI/leg,40,2014,A,5.5,4.0,4,NA,NA,NA,NA,NA
3124,Cro,25,TLI/leg,40,2014,B,NA,2.0,2,NA,NA,NA,NA,NA
3124,Cro,25,TLI/leg,40,2014,C,NA,1.0,NA,NA,NA,NA,NA,NA
3125,Cro,7,corn,80,2014,A,4.2,2.0,5,NA,NA,NA,NA,NA
3125,Cro,7,corn,80,2014,B,NA,2.0,2,NA,NA,NA,NA,NA
3125,Cro,7,corn,80,2014,C,NA,13.0,NA,NA,NA,NA,NA,NA
3204,Cro,25,TLI/leg,40,2014,A,4.9,4.0,5,NA,NA,NA,NA,NA
3204,Cro,25,TLI/leg,40,2014,B,NA,2.0,3,NA,NA,NA,NA,NA
3204,Cro,25,TLI/leg,40,2014,C,NA,1.0,NA,NA,NA,NA,NA,NA
3206,Cro,6,corn,0,2014,A,4.6,3.5,6,NA,NA,NA,NA,NA
3206,Cro,6,corn,0,2014,B,NA,2.0,3,NA,NA,NA,NA,NA
3206,Cro,6,corn,0,2014,C,NA,1.0,NA,NA,NA,NA,NA,NA
3209,Cro,21,TLI,0,2014,A,4.9,3.0,3,NA,NA,NA,NA,NA
3209,Cro,21,TLI,0,2014,B,NA,1.0,2,NA,NA,NA,NA,NA
3209,Cro,21,TLI,0,2014,C,NA,1.0,NA,NA,NA,NA,NA,NA
3211,Cro,9,corn,160,2014,A,5.2,9.0,6,NA,NA,NA,NA,NA
3211,Cro,9,corn,160,2014,B,NA,33.0,2,NA,NA,NA,NA,NA
3211,Cro,9,corn,160,2014,C,NA,35.0,NA,NA,NA,NA,NA,NA
3214,Cro,23,TLI,160,2014,A,4.8,2.0,6,NA,NA,NA,NA,NA
3214,Cro,23,TLI,160,2014,B,NA,1.0,4,NA,NA,NA,NA,NA
3214,Cro,23,TLI,160,2014,C,NA,1.0,NA,NA,NA,NA,NA,NA
3215,Cro,18,switch,160,2014,A,4.5,5.0,6,NA,NA,NA,NA,NA
3215,Cro,18,switch,160,2014,B,NA,2.0,3,NA,NA,NA,NA,NA
3215,Cro,18,switch,160,2014,C,NA,4.0,NA,NA,NA,NA,NA,NA
3219,Cro,22,TLI,80,2014,A,5.2,3.5,4,NA,NA,NA,NA,NA
3219,Cro,22,TLI,80,2014,B,NA,1.0,2,NA,NA,NA,NA,NA
3219,Cro,22,TLI,80,2014,C,NA,1.0,NA,NA,NA,NA,NA,NA
3220,Cro,20,swit/leg,40,2014,A,4.5,7.0,6,NA,NA,NA,NA,NA
3220,Cro,20,swit/leg,40,2014,B,NA,8.0,3,NA,NA,NA,NA,NA
3220,Cro,20,swit/leg,40,2014,C,NA,1.0,NA,NA,NA,NA,NA,NA
3221,Cro,7,corn,80,2014,A,4.4,6.0,4,NA,NA,NA,NA,NA
3221,Cro,7,corn,80,2014,B,NA,2.0,2,NA,NA,NA,NA,NA
3221,Cro,7,corn,80,2014,C,NA,4.0,NA,NA,NA,NA,NA,NA
3225,Cro,16,switch,0,2014,A,4.4,2.5,5,NA,NA,NA,NA,NA
3225,Cro,16,switch,0,2014,B,NA,1.0,2,NA,NA,NA,NA,NA
3225,Cro,16,switch,0,2014,C,NA,1.0,NA,NA,NA,NA,NA,NA
3303,Cro,22,TLI,80,2014,A,4.4,1.0,3,NA,NA,NA,NA,NA
3303,Cro,22,TLI,80,2014,B,NA,1.0,2,NA,NA,NA,NA,NA
3303,Cro,22,TLI,80,2014,C,NA,1.0,NA,NA,NA,NA,NA,NA
3306,Cro,16,switch,0,2014,A,4.4,2.0,5,NA,NA,NA,NA,NA
3306,Cro,16,switch,0,2014,B,NA,1.0,2,NA,NA,NA,NA,NA
3306,Cro,16,switch,0,2014,C,NA,1.0,NA,NA,NA,NA,NA,NA
3307,Cro,6,corn,0,2014,A,4.1,4.0,2,NA,NA,NA,NA,NA
3307,Cro,6,corn,0,2014,B,NA,2.0,2,NA,NA,NA,NA,NA
3307,Cro,6,corn,0,2014,C,NA,1.0,NA,NA,NA,NA,NA,NA
3311,Cro,20,swit/leg,40,2014,A,4.3,3.0,5,NA,NA,NA,NA,NA
3311,Cro,20,swit/leg,40,2014,B,NA,1.0,2,NA,NA,NA,NA,NA
3311,Cro,20,swit/leg,40,2014,C,NA,1.0,NA,NA,NA,NA,NA,NA
3313,Cro,23,TLI,160,2014,A,4.9,5.0,5,NA,NA,NA,NA,NA
3313,Cro,23,TLI,160,2014,B,NA,25.0,2,NA,NA,NA,NA,NA
3313,Cro,23,TLI,160,2014,C,NA,12.0,NA,NA,NA,NA,NA,NA
3317,Cro,7,corn,80,2014,A,4.4,5.5,4,NA,NA,NA,NA,NA
3317,Cro,7,corn,80,2014,B,NA,1.0,1,NA,NA,NA,NA,NA
3317,Cro,7,corn,80,2014,C,NA,1.0,NA,NA,NA,NA,NA,NA
3318,Cro,21,TLI,0,2014,A,4.4,3.0,3,NA,NA,NA,NA,NA
3318,Cro,21,TLI,0,2014,B,NA,2.0,1,NA,NA,NA,NA,NA
3318,Cro,21,TLI,0,2014,C,NA,1.0,NA,NA,NA,NA,NA,NA
3321,Cro,18,switch,160,2014,A,4.5,6.5,6,NA,NA,NA,NA,NA
3321,Cro,18,switch,160,2014,B,NA,3.0,3,NA,NA,NA,NA,NA
3321,Cro,18,switch,160,2014,C,NA,7.0,NA,NA,NA,NA,NA,NA
3322,Cro,9,corn,160,2014,A,4.1,6.0,5,NA,NA,NA,NA,NA
3322,Cro,9,corn,160,2014,B,NA,2.0,2,NA,NA,NA,NA,NA
3322,Cro,9,corn,160,2014,C,NA,2.0,NA,NA,NA,NA,NA,NA
3323,Cro,25,TLI/leg,40,2014,A,4.6,3.0,4,NA,NA,NA,NA,NA
3323,Cro,25,TLI/leg,40,2014,B,NA,2.0,1,NA,NA,NA,NA,NA
3323,Cro,25,TLI/leg,40,2014,C,NA,1.0,NA,NA,NA,NA,NA,NA
3401,Cro,22,TLI,80,2014,A,4.3,2.0,4,NA,NA,NA,NA,NA
3401,Cro,22,TLI,80,2014,B,NA,2.0,2,NA,NA,NA,NA,NA
3401,Cro,22,TLI,80,2014,C,NA,1.0,NA,NA,NA,NA,NA,NA
3403,Cro,18,switch,160,2014,A,4.2,6.0,5,NA,NA,NA,NA,NA
3403,Cro,18,switch,160,2014,B,NA,2.0,3,NA,NA,NA,NA,NA
3403,Cro,18,switch,160,2014,C,NA,8.0,NA,NA,NA,NA,NA,NA
3408,Cro,16,switch,0,2014,A,4.2,2.0,5,NA,NA,NA,NA,NA
3408,Cro,16,switch,0,2014,B,NA,2.0,2,NA,NA,NA,NA,NA
3408,Cro,16,switch,0,2014,C,NA,1.0,NA,NA,NA,NA,NA,NA
3410,Cro,6,corn,0,2014,A,4,8.0,7.4,NA,NA,NA,NA,NA
3410,Cro,6,corn,0,2014,B,NA,46.0,4.3,NA,NA,NA,NA,NA
3410,Cro,6,corn,0,2014,C,NA,23.0,NA,NA,NA,NA,NA,NA
3411,Cro,21,TLI,0,2014,A,4.8,2.0,4,NA,NA,NA,NA,NA
3411,Cro,21,TLI,0,2014,B,NA,1.0,4,NA,NA,NA,NA,NA
3411,Cro,21,TLI,0,2014,C,NA,1.0,NA,NA,NA,NA,NA,NA
3415,Cro,9,corn,160,2014,A,4.3,4.5,5,NA,NA,NA,NA,NA
3415,Cro,9,corn,160,2014,B,NA,2.0,2,NA,NA,NA,NA,NA
3415,Cro,9,corn,160,2014,C,NA,3.0,NA,NA,NA,NA,NA,NA
3416,Cro,25,TLI/leg,40,2014,A,5,3.5,7,NA,NA,NA,NA,NA
3416,Cro,25,TLI/leg,40,2014,B,NA,1.0,4,NA,NA,NA,NA,NA
3416,Cro,25,TLI/leg,40,2014,C,NA,1.0,NA,NA,NA,NA,NA,NA
3420,Cro,7,corn,80,2014,A,4,7.0,5,NA,NA,NA,NA,NA
3420,Cro,7,corn,80,2014,B,NA,2.0,1,NA,NA,NA,NA,NA
3420,Cro,7,corn,80,2014,C,NA,4.0,NA,NA,NA,NA,NA,NA
3421,Cro,23,TLI,160,2014,A,5.1,5.0,5,NA,NA,NA,NA,NA
3421,Cro,23,TLI,160,2014,B,NA,2.0,3,NA,NA,NA,NA,NA
3421,Cro,23,TLI,160,2014,C,NA,1.0,NA,NA,NA,NA,NA,NA
3423,Cro,20,swit/leg,40,2014,A,4.8,3.0,6,NA,NA,NA,NA,NA
3423,Cro,20,swit/leg,40,2014,B,NA,1.0,3,NA,NA,NA,NA,NA
3423,Cro,20,swit/leg,40,2014,C,NA,1.0,NA,NA,NA,NA,NA,NA
1101,Was,7,corn,80,2015,A,6.9,16.19,8.63,3.18,NA,NA,NA,NA
1101,Was,7,corn,80,2015,B,3.7,5.50,2.08,1.50,NA,NA,NA,NA
1101,Was,7,corn,80,2015,C,1.7,2.53,2.33,1.17,NA,NA,NA,NA
1104,Was,18,switch,160,2015,A,5.6,13.92,6.87,2.70,NA,NA,NA,NA
1104,Was,18,switch,160,2015,B,3.7,4.27,3.19,1.58,NA,NA,NA,NA
1104,Was,18,switch,160,2015,C,1.6,1.91,2.70,1.07,NA,NA,NA,NA
1105,Was,22,TLI,80,2015,A,5.4,9.00,4.59,2.60,NA,NA,NA,NA
1105,Was,22,TLI,80,2015,B,3.5,3.71,4.95,1.84,NA,NA,NA,NA
1105,Was,22,TLI,80,2015,C,2.3,2.44,3.23,1.04,NA,NA,NA,NA
1109,Was,16,switch,0,2015,A,5.5,12.44,8.79,2.73,NA,NA,NA,NA
1109,Was,16,switch,0,2015,B,3.7,3.37,3.13,1.66,NA,NA,NA,NA
1109,Was,16,switch,0,2015,C,1.7,1.75,2.55,1.22,NA,NA,NA,NA
1110,Was,25,TLI/leg,40,2015,A,5.4,12.14,5.51,2.69,NA,NA,NA,NA
1110,Was,25,TLI/leg,40,2015,B,3.3,3.90,4.36,1.80,NA,NA,NA,NA
1110,Was,25,TLI/leg,40,2015,C,2.4,2.76,3.75,1.25,NA,NA,NA,NA
1111,Was,6,corn,0,2015,A,5.4,11.67,5.88,2.63,NA,NA,NA,NA
1111,Was,6,corn,0,2015,B,3.4,4.29,4.53,1.27,NA,NA,NA,NA
1111,Was,6,corn,0,2015,C,1.6,2.11,5.07,1.16,NA,NA,NA,NA
1115,Was,23,TLI,160,2015,A,5.2,17.85,4.50,2.52,NA,NA,NA,NA
1115,Was,23,TLI,160,2015,B,3.4,4.45,4.85,1.69,NA,NA,NA,NA
1115,Was,23,TLI,160,2015,C,2.3,2.76,3.91,0.75,NA,NA,NA,NA
1116,Was,9,corn,160,2015,A,5.5,13.29,6.72,2.69,NA,NA,NA,NA
1116,Was,9,corn,160,2015,B,3.1,5.19,3.31,1.38,NA,NA,NA,NA
1116,Was,9,corn,160,2015,C,1.6,4.36,4.14,1.32,NA,NA,NA,NA
1119,Was,20,swit/leg,40,2015,A,5.7,10.57,4.64,2.95,NA,NA,NA,NA
1119,Was,20,swit/leg,40,2015,B,3.1,2.59,3.11,1.01,NA,NA,NA,NA
1119,Was,20,swit/leg,40,2015,C,1.9,1.28,2.92,0.30,NA,NA,NA,NA
1125,Was,21,TLI,0,2015,A,5.2,6.09,4.40,2.77,NA,NA,NA,NA
1125,Was,21,TLI,0,2015,B,2.9,3.05,4.13,1.31,NA,NA,NA,NA
1125,Was,21,TLI,0,2015,C,2.6,2.73,4.78,1.12,NA,NA,NA,NA
1202,Was,25,TLI/leg,40,2015,A,5.2,9.72,5.32,2.44,NA,NA,NA,NA
1202,Was,25,TLI/leg,40,2015,B,3.5,3.19,3.46,1.37,NA,NA,NA,NA
1202,Was,25,TLI/leg,40,2015,C,1.8,1.60,3.98,1.29,NA,NA,NA,NA
1205,Was,18,switch,160,2015,A,5.5,13.53,6.14,2.56,NA,NA,NA,NA
1205,Was,18,switch,160,2015,B,4.3,4.38,4.98,1.92,NA,NA,NA,NA
1205,Was,18,switch,160,2015,C,2.2,2.15,2.88,0.20,NA,NA,NA,NA
1207,Was,22,TLI,80,2015,A,5.7,10.93,5.15,2.70,NA,NA,NA,NA
1207,Was,22,TLI,80,2015,B,3.9,4.05,4.50,1.60,NA,NA,NA,NA
1207,Was,22,TLI,80,2015,C,2.1,1.85,3.95,0.88,NA,NA,NA,NA
1209,Was,9,corn,160,2015,A,5.5,16.24,6.05,1.96,NA,NA,NA,NA
1209,Was,9,corn,160,2015,B,3.9,4.87,3.76,1.61,NA,NA,NA,NA
1209,Was,9,corn,160,2015,C,2.2,2.34,3.63,0.51,NA,NA,NA,NA
1210,Was,16,switch,0,2015,A,5.3,6.44,5.44,2.68,NA,NA,NA,NA
1210,Was,16,switch,0,2015,B,4.1,2.64,3.38,2.10,NA,NA,NA,NA
1210,Was,16,switch,0,2015,C,2.2,1.69,3.94,0.59,NA,NA,NA,NA
1214,Was,7,corn,80,2015,A,5.5,14.97,5.81,2.55,NA,NA,NA,NA
1214,Was,7,corn,80,2015,B,3.9,5.05,3.03,1.48,NA,NA,NA,NA
1214,Was,7,corn,80,2015,C,2.1,2.83,2.55,0.84,NA,NA,NA,NA
1217,Was,21,TLI,0,2015,A,5.6,6.73,6.00,2.89,NA,NA,NA,NA
1217,Was,21,TLI,0,2015,B,3.4,3.36,4.45,1.35,NA,NA,NA,NA
1217,Was,21,TLI,0,2015,C,1.7,1.84,3.12,0.74,NA,NA,NA,NA
1219,Was,6,corn,0,2015,A,5.8,17.75,5.56,2.71,NA,NA,NA,NA
1219,Was,6,corn,0,2015,B,3.2,5.14,5.09,1.32,NA,NA,NA,NA
1219,Was,6,corn,0,2015,C,1.7,2.40,3.17,1.02,NA,NA,NA,NA
1222,Was,23,TLI,160,2015,A,6.2,23.44,12.19,3.04,NA,NA,NA,NA
1222,Was,23,TLI,160,2015,B,3.2,3.28,4.89,1.12,NA,NA,NA,NA
1222,Was,23,TLI,160,2015,C,1.7,1.75,3.07,0.51,NA,NA,NA,NA
1225,Was,20,swit/leg,40,2015,A,6.2,15.10,4.38,2.82,NA,NA,NA,NA
1225,Was,20,swit/leg,40,2015,B,3.4,4.12,4.17,1.35,NA,NA,NA,NA
1225,Was,20,swit/leg,40,2015,C,1.9,1.39,5.09,1.13,NA,NA,NA,NA
1303,Was,23,TLI,160,2015,A,6.1,22.98,4.08,2.82,NA,NA,NA,NA
1303,Was,23,TLI,160,2015,B,4,6.08,4.13,1.52,NA,NA,NA,NA
1303,Was,23,TLI,160,2015,C,1.9,2.06,3.03,0.68,NA,NA,NA,NA
1304,Was,20,swit/leg,40,2015,A,6.1,8.37,6.46,2.99,NA,NA,NA,NA
1304,Was,20,swit/leg,40,2015,B,3.7,3.74,4.74,1.60,NA,NA,NA,NA
1304,Was,20,swit/leg,40,2015,C,1.8,0.70,2.49,0.53,NA,NA,NA,NA
1308,Was,22,TLI,80,2015,A,6.3,20.56,6.84,3.04,NA,NA,NA,NA
1308,Was,22,TLI,80,2015,B,3.8,2.42,3.26,1.42,NA,NA,NA,NA
1308,Was,22,TLI,80,2015,C,1.8,1.26,2.69,0.34,NA,NA,NA,NA
1309,Was,16,switch,0,2015,A,6.2,5.40,8.43,3.00,NA,NA,NA,NA
1309,Was,16,switch,0,2015,B,3.6,1.89,3.78,1.51,NA,NA,NA,NA
1309,Was,16,switch,0,2015,C,1.9,0.53,2.87,0.46,NA,NA,NA,NA
1310,Was,9,corn,160,2015,A,6.4,15.38,8.75,3.04,NA,NA,NA,NA
1310,Was,9,corn,160,2015,B,3.5,5.98,3.55,1.58,NA,NA,NA,NA
1310,Was,9,corn,160,2015,C,1.8,1.57,2.48,0.58,NA,NA,NA,NA
1313,Was,21,TLI,0,2015,A,5.7,11.13,5.68,2.71,NA,NA,NA,NA
1313,Was,21,TLI,0,2015,B,4,4.76,3.71,1.71,NA,NA,NA,NA
1313,Was,21,TLI,0,2015,C,2.1,1.83,2.09,0.70,NA,NA,NA,NA
1314,Was,18,switch,160,2015,A,5.8,16.43,6.52,2.65,NA,NA,NA,NA
1314,Was,18,switch,160,2015,B,3.1,3.56,2.56,1.33,NA,NA,NA,NA
1314,Was,18,switch,160,2015,C,1.6,1.11,2.77,0.66,NA,NA,NA,NA
1315,Was,7,corn,80,2015,A,5.6,16.66,7.23,2.59,NA,NA,NA,NA
1315,Was,7,corn,80,2015,B,3.1,4.73,3.58,1.06,NA,NA,NA,NA
1315,Was,7,corn,80,2015,C,1.6,1.59,2.81,1.65,NA,NA,NA,NA
1320,Was,6,corn,0,2015,A,5.2,10.67,4.77,2.34,NA,NA,NA,NA
1320,Was,6,corn,0,2015,B,2.9,3.85,3.11,1.05,NA,NA,NA,NA
1320,Was,6,corn,0,2015,C,1.5,1.30,2.56,1.32,NA,NA,NA,NA
1323,Was,25,TLI/leg,40,2015,A,5.5,20.84,5.65,2.69,NA,NA,NA,NA
1323,Was,25,TLI/leg,40,2015,B,3.5,3.91,3.29,1.18,NA,NA,NA,NA
1323,Was,25,TLI/leg,40,2015,C,1.8,1.10,2.49,0.71,NA,NA,NA,NA
1401,Was,25,TLI/leg,40,2015,A,6.6,11.81,5.64,3.20,NA,NA,NA,NA
1401,Was,25,TLI/leg,40,2015,B,3.5,3.03,3.43,1.33,NA,NA,NA,NA
1401,Was,25,TLI/leg,40,2015,C,1.9,0.88,2.87,0.43,NA,NA,NA,NA
1404,Was,20,swit/leg,40,2015,A,6.8,9.77,5.94,3.46,NA,NA,NA,NA
1404,Was,20,swit/leg,40,2015,B,3.5,3.19,2.08,1.38,NA,NA,NA,NA
1404,Was,20,swit/leg,40,2015,C,1.7,0.85,2.22,0.85,NA,NA,NA,NA
1411,Was,22,TLI,80,2015,A,5.3,10.05,4.99,2.64,NA,NA,NA,NA
1411,Was,22,TLI,80,2015,B,3.3,4.44,3.06,1.56,NA,NA,NA,NA
1411,Was,22,TLI,80,2015,C,2.8,5.31,4.20,1.88,NA,NA,NA,NA
1413,Was,9,corn,160,2015,A,5.9,18.43,7.56,3.15,NA,NA,NA,NA
1413,Was,9,corn,160,2015,B,3.6,5.37,4.10,1.68,NA,NA,NA,NA
1413,Was,9,corn,160,2015,C,1.8,1.86,2.49,0.99,NA,NA,NA,NA
1414,Was,18,switch,160,2015,A,6.4,14.55,5.97,3.06,NA,NA,NA,NA
1414,Was,18,switch,160,2015,B,4.5,6.26,3.31,2.12,NA,NA,NA,NA
1414,Was,18,switch,160,2015,C,1.8,1.45,2.27,0.76,NA,NA,NA,NA
1416,Was,21,TLI,0,2015,A,5.4,12.54,6.54,2.68,NA,NA,NA,NA
1416,Was,21,TLI,0,2015,B,2.6,2.37,3.00,1.22,NA,NA,NA,NA
1416,Was,21,TLI,0,2015,C,1.3,0.39,3.85,1.81,NA,NA,NA,NA
1418,Was,6,corn,0,2015,A,5.5,10.88,6.53,2.70,NA,NA,NA,NA
1418,Was,6,corn,0,2015,B,3.1,5.61,5.45,1.34,NA,NA,NA,NA
1418,Was,6,corn,0,2015,C,1.6,1.23,2.79,0.73,NA,NA,NA,NA
1419,Was,16,switch,0,2015,A,6,7.40,5.82,2.87,NA,NA,NA,NA
1419,Was,16,switch,0,2015,B,3.4,2.02,2.92,1.45,NA,NA,NA,NA
1419,Was,16,switch,0,2015,C,1.7,0.72,2.47,0.92,NA,NA,NA,NA
1421,Was,23,TLI,160,2015,A,5.6,14.97,5.49,2.54,NA,NA,NA,NA
1421,Was,23,TLI,160,2015,B,3,3.39,3.57,1.15,NA,NA,NA,NA
1421,Was,23,TLI,160,2015,C,1.5,1.16,3.53,0.63,NA,NA,NA,NA
1423,Was,7,corn,80,2015,A,5.2,12.36,5.17,2.46,NA,NA,NA,NA
1423,Was,7,corn,80,2015,B,3.4,4.47,3.29,1.29,NA,NA,NA,NA
1423,Was,7,corn,80,2015,C,1.5,1.71,2.32,0.78,NA,NA,NA,NA
2102,Lam,6,corn,0,2015,A,3.4,10.60,8.09,1.52,NA,NA,NA,NA
2102,Lam,6,corn,0,2015,B,2.6,1.71,4.24,0.86,NA,NA,NA,NA
2102,Lam,6,corn,0,2015,C,1.2,0.49,2.83,0.70,NA,NA,NA,NA
2106,Lam,25,TLI/leg,40,2015,A,3.5,1.46,2.13,1.46,NA,NA,NA,NA
2106,Lam,25,TLI/leg,40,2015,B,2.4,0.05,1.35,1.05,NA,NA,NA,NA
2106,Lam,25,TLI/leg,40,2015,C,1.2,0.28,2.30,1.24,NA,NA,NA,NA
2108,Lam,18,switch,160,2015,A,3.5,12.52,6.11,1.55,NA,NA,NA,NA
2108,Lam,18,switch,160,2015,B,2.3,2.59,3.93,0.67,NA,NA,NA,NA
2108,Lam,18,switch,160,2015,C,1.4,0.75,3.25,1.62,NA,NA,NA,NA
2111,Lam,23,TLI,160,2015,A,3.6,9.05,5.76,1.68,NA,NA,NA,NA
2111,Lam,23,TLI,160,2015,B,2.4,0.98,4.42,0.81,NA,NA,NA,NA
2111,Lam,23,TLI,160,2015,C,1.4,0.27,2.51,1.50,NA,NA,NA,NA
2112,Lam,9,corn,160,2015,A,3.2,1.53,6.75,1.46,NA,NA,NA,NA
2112,Lam,9,corn,160,2015,B,1.9,0.69,4.03,0.76,NA,NA,NA,NA
2112,Lam,9,corn,160,2015,C,1.2,0.39,2.78,1.99,NA,NA,NA,NA
2116,Lam,22,TLI,80,2015,A,3.6,8.45,8.15,1.58,NA,NA,NA,NA
2116,Lam,22,TLI,80,2015,B,2.5,1.13,5.23,0.88,NA,NA,NA,NA
2116,Lam,22,TLI,80,2015,C,1.4,0.22,4.48,1.70,NA,NA,NA,NA
2118,Lam,16,switch,0,2015,A,3.3,1.27,6.30,1.56,NA,NA,NA,NA
2118,Lam,16,switch,0,2015,B,1.9,0.34,3.11,0.80,NA,NA,NA,NA
2118,Lam,16,switch,0,2015,C,1.3,0.10,2.51,2.34,NA,NA,NA,NA
2121,Lam,21,TLI,0,2015,A,3.4,5.94,6.11,1.59,NA,NA,NA,NA
2121,Lam,21,TLI,0,2015,B,2.7,1.06,4.66,1.00,NA,NA,NA,NA
2121,Lam,21,TLI,0,2015,C,1.7,0.31,3.66,0.68,NA,NA,NA,NA
2122,Lam,7,corn,80,2015,A,3.3,1.44,6.89,1.41,NA,NA,NA,NA
2122,Lam,7,corn,80,2015,B,2.1,0.60,4.85,0.70,NA,NA,NA,NA
2122,Lam,7,corn,80,2015,C,1.4,0.41,2.81,1.14,NA,NA,NA,NA
2123,Lam,20,swit/leg,40,2015,A,3.4,6.25,5.81,1.65,NA,NA,NA,NA
2123,Lam,20,swit/leg,40,2015,B,2.4,1.88,4.26,0.84,NA,NA,NA,NA
2123,Lam,20,swit/leg,40,2015,C,1.4,0.52,2.70,1.10,NA,NA,NA,NA
2201,Lam,18,switch,160,2015,A,3.2,4.40,6.24,1.60,NA,NA,NA,NA
2201,Lam,18,switch,160,2015,B,2.7,2.17,3.70,1.14,NA,NA,NA,NA
2201,Lam,18,switch,160,2015,C,1.5,4.41,3.49,0.94,NA,NA,NA,NA
2203,Lam,22,TLI,80,2015,A,3.6,4.88,7.79,1.66,NA,NA,NA,NA
2203,Lam,22,TLI,80,2015,B,2.4,0.72,3.02,0.88,NA,NA,NA,NA
2203,Lam,22,TLI,80,2015,C,1.3,0.23,3.02,2.33,NA,NA,NA,NA
2204,Lam,7,corn,80,2015,A,3.6,11.35,8.41,1.79,NA,NA,NA,NA
2204,Lam,7,corn,80,2015,B,2.7,3.32,4.11,1.04,NA,NA,NA,NA
2204,Lam,7,corn,80,2015,C,1.4,1.26,1.96,1.80,NA,NA,NA,NA
2206,Lam,16,switch,0,2015,A,3.7,5.30,6.77,1.87,NA,NA,NA,NA
2206,Lam,16,switch,0,2015,B,2.8,0.95,4.14,1.19,NA,NA,NA,NA
2206,Lam,16,switch,0,2015,C,1.6,0.30,3.02,1.37,NA,NA,NA,NA
2213,Lam,23,TLI,160,2015,A,4.2,10.50,11.28,2.14,NA,NA,NA,NA
2213,Lam,23,TLI,160,2015,B,3,0.99,3.28,1.31,NA,NA,NA,NA
2213,Lam,23,TLI,160,2015,C,1.6,0.31,3.82,1.24,NA,NA,NA,NA
2214,Lam,9,corn,160,2015,A,4.1,10.39,8.02,2.02,NA,NA,NA,NA
2214,Lam,9,corn,160,2015,B,2.9,2.47,4.26,1.29,NA,NA,NA,NA
2214,Lam,9,corn,160,2015,C,1.5,1.38,3.48,0.92,NA,NA,NA,NA
2218,Lam,25,TLI/leg,40,2015,A,4.2,10.12,7.53,1.94,NA,NA,NA,NA
2218,Lam,25,TLI/leg,40,2015,B,2.9,0.68,3.83,1.24,NA,NA,NA,NA
2218,Lam,25,TLI/leg,40,2015,C,1.6,0.73,4.37,0.65,NA,NA,NA,NA
2219,Lam,6,corn,0,2015,A,3.8,10.45,9.11,1.90,NA,NA,NA,NA
2219,Lam,6,corn,0,2015,B,2.9,1.83,3.98,1.29,NA,NA,NA,NA
2219,Lam,6,corn,0,2015,C,1.6,0.20,4.25,0.65,NA,NA,NA,NA
2221,Lam,20,swit/leg,40,2015,A,3.8,8.17,6.43,1.79,NA,NA,NA,NA
2221,Lam,20,swit/leg,40,2015,B,2.9,1.45,3.85,1.06,NA,NA,NA,NA
2221,Lam,20,swit/leg,40,2015,C,1.7,0.71,2.70,1.05,NA,NA,NA,NA
2223,Lam,21,TLI,0,2015,A,4.2,6.88,5.08,2.12,NA,NA,NA,NA
2223,Lam,21,TLI,0,2015,B,3.1,1.62,3.55,1.23,NA,NA,NA,NA
2223,Lam,21,TLI,0,2015,C,1.8,0.45,4.13,0.59,NA,NA,NA,NA
2303,Lam,7,corn,80,2015,A,3.8,8.17,8.97,1.84,NA,NA,NA,NA
2303,Lam,7,corn,80,2015,B,2.8,4.68,3.34,1.24,NA,NA,NA,NA
2303,Lam,7,corn,80,2015,C,1.3,2.60,3.25,2.59,NA,NA,NA,NA
2304,Lam,23,TLI,160,2015,A,4.2,9.17,7.95,1.93,NA,NA,NA,NA
2304,Lam,23,TLI,160,2015,B,2.9,1.74,3.66,1.20,NA,NA,NA,NA
2304,Lam,23,TLI,160,2015,C,1.5,0.75,2.82,2.00,NA,NA,NA,NA
2305,Lam,18,switch,160,2015,A,4,12.25,9.74,1.93,NA,NA,NA,NA
2305,Lam,18,switch,160,2015,B,2.8,3.51,5.16,1.07,NA,NA,NA,NA
2305,Lam,18,switch,160,2015,C,1.7,1.30,4.45,1.24,NA,NA,NA,NA
2309,Lam,25,TLI/leg,40,2015,A,4.5,12.99,6.27,2.05,NA,NA,NA,NA
2309,Lam,25,TLI/leg,40,2015,B,3.3,2.21,4.86,1.38,NA,NA,NA,NA
2309,Lam,25,TLI/leg,40,2015,C,1.6,0.77,3.86,1.08,NA,NA,NA,NA
2310,Lam,20,swit/leg,40,2015,A,4.2,3.47,4.97,1.97,NA,NA,NA,NA
2310,Lam,20,swit/leg,40,2015,B,2.9,1.88,4.05,1.20,NA,NA,NA,NA
2310,Lam,20,swit/leg,40,2015,C,1.4,0.44,3.86,2.19,NA,NA,NA,NA
2315,Lam,16,switch,0,2015,A,4.6,3.88,6.30,2.14,NA,NA,NA,NA
2315,Lam,16,switch,0,2015,B,3.2,1.05,4.34,1.39,NA,NA,NA,NA
2315,Lam,16,switch,0,2015,C,1.6,0.39,2.38,1.76,NA,NA,NA,NA
2318,Lam,9,corn,160,2015,A,4.3,7.76,6.51,1.96,NA,NA,NA,NA
2318,Lam,9,corn,160,2015,B,2.9,3.79,3.90,1.16,NA,NA,NA,NA
2318,Lam,9,corn,160,2015,C,1.5,1.87,3.89,0.49,NA,NA,NA,NA
2319,Lam,22,TLI,80,2015,A,4.7,8.57,5.68,2.03,NA,NA,NA,NA
2319,Lam,22,TLI,80,2015,B,3.3,2.48,4.00,1.41,NA,NA,NA,NA
2319,Lam,22,TLI,80,2015,C,1.8,0.76,3.91,0.60,NA,NA,NA,NA
2323,Lam,6,corn,0,2015,A,4.5,10.37,9.84,2.12,NA,NA,NA,NA
2323,Lam,6,corn,0,2015,B,3.2,1.66,3.83,1.41,NA,NA,NA,NA
2323,Lam,6,corn,0,2015,C,1.6,0.86,3.24,1.35,NA,NA,NA,NA
2324,Lam,21,TLI,0,2015,A,4.7,12.19,9.45,2.35,NA,NA,NA,NA
2324,Lam,21,TLI,0,2015,B,3.3,3.52,4.09,1.45,NA,NA,NA,NA
2324,Lam,21,TLI,0,2015,C,1.8,1.14,3.76,1.25,NA,NA,NA,NA
2403,Lam,18,switch,160,2015,A,4.4,17.65,7.76,2.33,NA,NA,NA,NA
2403,Lam,18,switch,160,2015,B,3.4,8.08,6.76,1.40,NA,NA,NA,NA
2403,Lam,18,switch,160,2015,C,1.2,3.42,2.84,0.45,NA,NA,NA,NA
2404,Lam,9,corn,160,2015,A,4.7,6.42,8.94,2.08,NA,NA,NA,NA
2404,Lam,9,corn,160,2015,B,3.4,2.77,5.48,1.59,NA,NA,NA,NA
2404,Lam,9,corn,160,2015,C,1.3,2.51,3.06,0.51,NA,NA,NA,NA
2407,Lam,21,TLI,0,2015,A,4.4,8.38,5.72,2.03,NA,NA,NA,NA
2407,Lam,21,TLI,0,2015,B,2.7,3.37,4.45,1.29,NA,NA,NA,NA
2407,Lam,21,TLI,0,2015,C,1.3,1.12,2.03,0.78,NA,NA,NA,NA
2408,Lam,16,switch,0,2015,A,4.3,7.65,6.59,2.07,NA,NA,NA,NA
2408,Lam,16,switch,0,2015,B,2.6,1.55,3.41,1.08,NA,NA,NA,NA
2408,Lam,16,switch,0,2015,C,1.2,1.19,2.13,1.46,NA,NA,NA,NA
2412,Lam,25,TLI/leg,40,2015,A,4.9,13.04,7.53,2.28,NA,NA,NA,NA
2412,Lam,25,TLI/leg,40,2015,B,2.1,7.64,5.07,0.86,NA,NA,NA,NA
2412,Lam,25,TLI/leg,40,2015,C,1.3,1.33,2.27,0.53,NA,NA,NA,NA
2414,Lam,7,corn,80,2015,A,4.7,9.74,7.89,2.33,NA,NA,NA,NA
2414,Lam,7,corn,80,2015,B,3.1,3.69,3.22,1.26,NA,NA,NA,NA
2414,Lam,7,corn,80,2015,C,1.1,1.06,1.67,0.70,NA,NA,NA,NA
2417,Lam,22,TLI,80,2015,A,5,10.70,7.27,2.37,NA,NA,NA,NA
2417,Lam,22,TLI,80,2015,B,3.2,3.80,3.72,1.62,NA,NA,NA,NA
2417,Lam,22,TLI,80,2015,C,1,1.05,2.75,0.55,NA,NA,NA,NA
2422,Lam,23,TLI,160,2015,A,4.9,12.96,6.18,2.54,NA,NA,NA,NA
2422,Lam,23,TLI,160,2015,B,3.3,4.94,5.76,1.50,NA,NA,NA,NA
2422,Lam,23,TLI,160,2015,C,1.4,1.26,2.81,0.78,NA,NA,NA,NA
2423,Lam,20,swit/leg,40,2015,A,5.7,7.17,8.17,2.67,NA,NA,NA,NA
2423,Lam,20,swit/leg,40,2015,B,3.6,2.53,3.35,1.82,NA,NA,NA,NA
2423,Lam,20,swit/leg,40,2015,C,1.5,0.96,3.45,0.66,NA,NA,NA,NA
2424,Lam,6,corn,0,2015,A,5.5,2.09,6.50,2.93,NA,NA,NA,NA
2424,Lam,6,corn,0,2015,B,4,1.75,4.11,1.94,NA,NA,NA,NA
2424,Lam,6,corn,0,2015,C,1.6,0.56,3.26,0.90,NA,NA,NA,NA
3101,Cro,16,switch,0,2015,A,4.9,9.13,6.35,4.18,NA,NA,NA,NA
3101,Cro,16,switch,0,2015,B,1.1,1.29,3.33,3.46,NA,NA,NA,NA
3101,Cro,16,switch,0,2015,C,0.8,0.50,3.23,3.94,NA,NA,NA,NA
3104,Cro,23,TLI,160,2015,A,5.2,15.28,7.56,4.23,NA,NA,NA,NA
3104,Cro,23,TLI,160,2015,B,1.5,0.92,4.57,4.43,NA,NA,NA,NA
3104,Cro,23,TLI,160,2015,C,1.3,0.71,6.58,4.22,NA,NA,NA,NA
3105,Cro,6,corn,0,2015,A,4.7,11.70,7.99,4.05,NA,NA,NA,NA
3105,Cro,6,corn,0,2015,B,1.5,1.73,4.94,3.78,NA,NA,NA,NA
3105,Cro,6,corn,0,2015,C,1.2,1.40,4.84,4.21,NA,NA,NA,NA
3106,Cro,18,switch,160,2015,A,4.6,13.56,7.82,4.35,NA,NA,NA,NA
3106,Cro,18,switch,160,2015,B,1.8,2.05,2.77,3.68,NA,NA,NA,NA
3106,Cro,18,switch,160,2015,C,0.6,0.43,1.13,3.79,NA,NA,NA,NA
3110,Cro,9,corn,160,2015,A,5.1,26.97,8.27,4.19,NA,NA,NA,NA
3110,Cro,9,corn,160,2015,B,2.7,11.42,3.88,3.47,NA,NA,NA,NA
3110,Cro,9,corn,160,2015,C,1.5,12.38,4.87,4.70,NA,NA,NA,NA
3114,Cro,21,TLI,0,2015,A,5.7,5.19,7.30,4.32,NA,NA,NA,NA
3114,Cro,21,TLI,0,2015,B,2.9,1.79,6.12,3.03,NA,NA,NA,NA
3114,Cro,21,TLI,0,2015,C,1.5,0.72,3.42,5.07,NA,NA,NA,NA
3119,Cro,22,TLI,80,2015,A,6.4,20.54,9.59,4.22,NA,NA,NA,NA
3119,Cro,22,TLI,80,2015,B,3.2,1.00,3.73,1.92,NA,NA,NA,NA
3119,Cro,22,TLI,80,2015,C,1.6,0.44,3.23,3.37,NA,NA,NA,NA
3121,Cro,20,swit/leg,40,2015,A,5.2,13.72,9.11,4.29,NA,NA,NA,NA
3121,Cro,20,swit/leg,40,2015,B,2.2,2.77,3.38,3.88,NA,NA,NA,NA
3121,Cro,20,swit/leg,40,2015,C,0.8,0.41,3.42,4.16,NA,NA,NA,NA
3124,Cro,25,TLI/leg,40,2015,A,6.2,21.85,11.13,4.28,NA,NA,NA,NA
3124,Cro,25,TLI/leg,40,2015,B,4.2,1.89,5.25,2.46,NA,NA,NA,NA
3124,Cro,25,TLI/leg,40,2015,C,1.8,0.92,3.01,1.88,NA,NA,NA,NA
3125,Cro,7,corn,80,2015,A,5.6,19.42,7.91,3.83,NA,NA,NA,NA
3125,Cro,7,corn,80,2015,B,2.5,3.06,4.50,2.78,NA,NA,NA,NA
3125,Cro,7,corn,80,2015,C,1.7,4.49,4.78,4.63,NA,NA,NA,NA
3204,Cro,25,TLI/leg,40,2015,A,5.8,12.00,8.14,4.02,NA,NA,NA,NA
3204,Cro,25,TLI/leg,40,2015,B,2.6,1.02,4.45,1.31,NA,NA,NA,NA
3204,Cro,25,TLI/leg,40,2015,C,1.7,0.58,3.28,2.91,NA,NA,NA,NA
3206,Cro,6,corn,0,2015,A,5.6,14.11,8.18,4.07,NA,NA,NA,NA
3206,Cro,6,corn,0,2015,B,3.3,3.46,3.58,2.34,NA,NA,NA,NA
3206,Cro,6,corn,0,2015,C,1.5,1.65,2.85,3.77,NA,NA,NA,NA
3209,Cro,21,TLI,0,2015,A,5.5,7.41,7.20,3.94,NA,NA,NA,NA
3209,Cro,21,TLI,0,2015,B,2.4,1.37,3.86,2.68,NA,NA,NA,NA
3209,Cro,21,TLI,0,2015,C,1.6,0.96,4.04,4.24,NA,NA,NA,NA
3211,Cro,9,corn,160,2015,A,5.6,22.26,8.07,3.93,NA,NA,NA,NA
3211,Cro,9,corn,160,2015,B,3.3,7.66,4.36,1.86,NA,NA,NA,NA
3211,Cro,9,corn,160,2015,C,1.9,13.76,4.12,2.91,NA,NA,NA,NA
3214,Cro,23,TLI,160,2015,A,5.4,12.33,8.85,3.53,NA,NA,NA,NA
3214,Cro,23,TLI,160,2015,B,2.4,1.16,4.40,4.15,NA,NA,NA,NA
3214,Cro,23,TLI,160,2015,C,1.5,0.54,4.22,4.03,NA,NA,NA,NA
3215,Cro,18,switch,160,2015,A,5.1,20.90,8.59,3.43,NA,NA,NA,NA
3215,Cro,18,switch,160,2015,B,2.2,3.60,3.66,3.72,NA,NA,NA,NA
3215,Cro,18,switch,160,2015,C,1.5,6.03,4.19,4.24,NA,NA,NA,NA
3219,Cro,22,TLI,80,2015,A,5.8,8.31,7.76,3.67,NA,NA,NA,NA
3219,Cro,22,TLI,80,2015,B,2.3,0.88,3.67,4.31,NA,NA,NA,NA
3219,Cro,22,TLI,80,2015,C,1.6,0.65,5.14,4.23,NA,NA,NA,NA
3220,Cro,20,swit/leg,40,2015,A,5.2,11.71,8.60,3.52,NA,NA,NA,NA
3220,Cro,20,swit/leg,40,2015,B,3.1,2.45,4.80,4.20,NA,NA,NA,NA
3220,Cro,20,swit/leg,40,2015,C,1.4,1.81,5.47,4.78,NA,NA,NA,NA
3221,Cro,7,corn,80,2015,A,5.1,18.49,8.01,3.75,NA,NA,NA,NA
3221,Cro,7,corn,80,2015,B,2.2,3.08,4.11,4.66,NA,NA,NA,NA
3221,Cro,7,corn,80,2015,C,1.7,4.73,4.36,4.60,NA,NA,NA,NA
3225,Cro,16,switch,0,2015,A,5,8.16,9.94,3.64,NA,NA,NA,NA
3225,Cro,16,switch,0,2015,B,2,2.05,4.61,4.46,NA,NA,NA,NA
3225,Cro,16,switch,0,2015,C,1.3,1.21,4.66,4.26,NA,NA,NA,NA
3303,Cro,22,TLI,80,2015,A,5.1,12.60,7.85,3.71,NA,NA,NA,NA
3303,Cro,22,TLI,80,2015,B,1.8,1.40,4.68,4.38,NA,NA,NA,NA
3303,Cro,22,TLI,80,2015,C,1.4,1.44,5.28,4.15,NA,NA,NA,NA
3306,Cro,16,switch,0,2015,A,4.9,4.84,7.61,3.97,NA,NA,NA,NA
3306,Cro,16,switch,0,2015,B,2.2,2.45,4.94,4.35,NA,NA,NA,NA
3306,Cro,16,switch,0,2015,C,1.5,1.33,4.76,4.47,NA,NA,NA,NA
3307,Cro,6,corn,0,2015,A,4.7,11.35,7.50,3.75,NA,NA,NA,NA
3307,Cro,6,corn,0,2015,B,2.5,3.46,4.91,4.08,NA,NA,NA,NA
3307,Cro,6,corn,0,2015,C,1.6,1.93,4.81,4.32,NA,NA,NA,NA
3311,Cro,20,swit/leg,40,2015,A,5.1,14.51,9.25,3.70,NA,NA,NA,NA
3311,Cro,20,swit/leg,40,2015,B,2.5,2.12,3.90,3.55,NA,NA,NA,NA
3311,Cro,20,swit/leg,40,2015,C,1.6,1.58,4.62,4.37,NA,NA,NA,NA
3313,Cro,23,TLI,160,2015,A,5.9,15.14,8.08,3.30,NA,NA,NA,NA
3313,Cro,23,TLI,160,2015,B,2.9,2.04,4.52,1.48,NA,NA,NA,NA
3313,Cro,23,TLI,160,2015,C,1.7,1.32,4.47,3.40,NA,NA,NA,NA
3317,Cro,7,corn,80,2015,A,5,15.75,8.80,3.22,NA,NA,NA,NA
3317,Cro,7,corn,80,2015,B,2.4,3.22,4.13,3.38,NA,NA,NA,NA
3317,Cro,7,corn,80,2015,C,1.5,3.27,4.61,4.73,NA,NA,NA,NA
3318,Cro,21,TLI,0,2015,A,5.3,7.67,8.28,3.30,NA,NA,NA,NA
3318,Cro,21,TLI,0,2015,B,2,3.06,11.16,1.81,NA,NA,NA,NA
3318,Cro,21,TLI,0,2015,C,1.5,2.07,3.96,4.69,NA,NA,NA,NA
3321,Cro,18,switch,160,2015,A,5.1,21.49,9.96,3.51,NA,NA,NA,NA
3321,Cro,18,switch,160,2015,B,2.2,7.55,4.65,4.35,NA,NA,NA,NA
3321,Cro,18,switch,160,2015,C,1.5,3.15,4.36,4.64,NA,NA,NA,NA
3322,Cro,9,corn,160,2015,A,5,21.59,9.41,3.17,NA,NA,NA,NA
3322,Cro,9,corn,160,2015,B,2.2,4.79,4.31,2.08,NA,NA,NA,NA
3322,Cro,9,corn,160,2015,C,1.6,4.81,4.13,4.20,NA,NA,NA,NA
3323,Cro,25,TLI/leg,40,2015,A,5.4,16.84,10.49,3.27,NA,NA,NA,NA
3323,Cro,25,TLI/leg,40,2015,B,3,2.18,5.88,1.54,NA,NA,NA,NA
3323,Cro,25,TLI/leg,40,2015,C,1.7,1.79,4.19,2.53,NA,NA,NA,NA
3401,Cro,22,TLI,80,2015,A,5.3,12.29,7.24,4.36,NA,NA,NA,NA
3401,Cro,22,TLI,80,2015,B,1.8,1.21,5.30,4.89,NA,NA,NA,NA
3401,Cro,22,TLI,80,2015,C,1.5,0.95,4.31,4.32,NA,NA,NA,NA
3403,Cro,18,switch,160,2015,A,4.8,26.04,7.72,4.46,NA,NA,NA,NA
3403,Cro,18,switch,160,2015,B,1.9,5.66,4.68,5.23,NA,NA,NA,NA
3403,Cro,18,switch,160,2015,C,1.3,2.51,5.04,4.44,NA,NA,NA,NA
3408,Cro,16,switch,0,2015,A,4.9,7.06,8.70,4.02,NA,NA,NA,NA
3408,Cro,16,switch,0,2015,B,2.5,4.81,10.30,3.70,NA,NA,NA,NA
3408,Cro,16,switch,0,2015,C,1.6,1.09,3.94,4.88,NA,NA,NA,NA
3410,Cro,6,corn,0,2015,A,4.8,16.08,8.73,3.99,NA,NA,NA,NA
3410,Cro,6,corn,0,2015,B,2.2,3.33,4.23,4.70,NA,NA,NA,NA
3410,Cro,6,corn,0,2015,C,1.5,6.21,4.77,4.24,NA,NA,NA,NA
3411,Cro,21,TLI,0,2015,A,5.6,19.77,13.02,3.34,NA,NA,NA,NA
3411,Cro,21,TLI,0,2015,B,2.9,1.31,4.53,1.67,NA,NA,NA,NA
3411,Cro,21,TLI,0,2015,C,1.7,1.19,3.35,4.81,NA,NA,NA,NA
3415,Cro,9,corn,160,2015,A,5,21.09,8.38,3.34,NA,NA,NA,NA
3415,Cro,9,corn,160,2015,B,2.2,4.15,4.57,3.97,NA,NA,NA,NA
3415,Cro,9,corn,160,2015,C,1.5,5.25,3.58,5.04,NA,NA,NA,NA
3416,Cro,25,TLI/leg,40,2015,A,5.7,10.22,8.55,3.41,NA,NA,NA,NA
3416,Cro,25,TLI/leg,40,2015,B,2.8,2.11,4.12,1.64,NA,NA,NA,NA
3416,Cro,25,TLI/leg,40,2015,C,1.5,1.31,3.13,4.81,NA,NA,NA,NA
3420,Cro,7,corn,80,2015,A,4.7,17.32,8.17,3.18,NA,NA,NA,NA
3420,Cro,7,corn,80,2015,B,2.9,3.41,3.72,3.73,NA,NA,NA,NA
3420,Cro,7,corn,80,2015,C,2,3.76,4.00,4.94,NA,NA,NA,NA
3421,Cro,23,TLI,160,2015,A,6,14.75,8.11,3.52,NA,NA,NA,NA
3421,Cro,23,TLI,160,2015,B,3.5,1.93,4.22,1.74,NA,NA,NA,NA
3421,Cro,23,TLI,160,2015,C,2,1.19,3.38,4.15,NA,NA,NA,NA
3423,Cro,20,swit/leg,40,2015,A,5.6,14.47,9.44,3.33,NA,NA,NA,NA
3423,Cro,20,swit/leg,40,2015,B,2.9,2.13,2.70,2.39,NA,NA,NA,NA
3423,Cro,20,swit/leg,40,2015,C,2.1,1.27,3.54,3.54,NA,NA,NA,NA
